frame,input.bActivateBoost,input.bHoldingBoost,input.Steer,input.Throttle,car.Location.X,car.Location.Y,car.Location.Z,car.LinearVelocity.X,car.LinearVelocity.Y,car.LinearVelocity.Z,car.Quaternion.X,car.Quaternion.Y,car.Quaternion.Z,car.Quaternion.W,car.AngularVelocity.X,car.AngularVelocity.Y,car.AngularVelocity.Z
0,False,False,0.000000,0.000000,0.120000,0.000000,18.629999,0.000000,0.000000,8.429999,0.000003,0.003202,0.000003,0.999995,0.000000,-0.000300,0.000000
1,True,True,-1.000000,1.000000,0.120000,0.000000,18.629999,12.420000,-3.360000,8.429999,0.000003,0.003202,0.000003,0.999995,-0.000500,-0.000500,-0.081200
2,True,True,-1.000000,1.000000,0.220000,-0.030000,18.629999,24.750000,-6.630000,8.429999,0.000003,0.003202,-0.000337,0.999995,-0.000800,-0.000600,-0.161300
3,True,True,-1.000000,1.000000,0.430000,-0.090000,18.629999,36.989998,-9.820000,8.429999,0.000003,0.003202,-0.001012,0.999994,-0.001000,-0.000700,-0.240200
4,True,True,-1.000000,1.000000,0.740000,-0.170000,18.629999,49.149998,-12.950000,8.429999,0.000003,0.003196,-0.002015,0.999993,-0.001200,-0.000700,-0.317700
5,True,True,-1.000000,1.000000,1.150000,-0.280000,18.629999,61.209999,-16.039999,8.429999,0.000003,0.003191,-0.003337,0.999989,-0.001300,-0.000700,-0.394100
6,True,True,-1.000000,1.000000,1.660000,-0.410000,18.629999,73.180000,-19.109999,8.429999,0.000003,0.003186,-0.004977,0.999982,-0.001300,-0.000600,-0.468900
7,True,True,-1.000000,1.000000,2.270000,-0.570000,18.629999,85.049995,-22.170000,8.429999,0.000003,0.003186,-0.006930,0.999971,-0.001300,-0.000500,-0.542100
8,True,True,-1.000000,1.000000,2.980000,-0.750000,18.629999,96.829994,-25.230000,8.429999,0.000003,0.003186,-0.009190,0.999953,-0.001200,-0.000500,-0.613500
9,True,True,-1.000000,1.000000,3.790000,-0.960000,18.629999,108.509995,-28.320000,8.429999,0.000008,0.003186,-0.011747,0.999926,-0.001100,-0.000500,-0.683100
10,True,True,-1.000000,1.000000,4.690000,-1.200000,18.629999,120.089996,-31.449999,8.429999,0.000013,0.003186,-0.014596,0.999888,-0.001000,-0.000500,-0.750900
11,True,True,-1.000000,1.000000,5.690000,-1.460000,18.629999,131.559998,-34.649998,8.429999,0.000019,0.003186,-0.017725,0.999838,-0.000900,-0.000500,-0.816900
12,True,True,-1.000000,1.000000,6.790000,-1.750000,18.629999,142.919998,-37.930000,8.429999,0.000024,0.003186,-0.021129,0.999772,-0.000800,-0.000500,-0.881000
13,True,True,-1.000000,1.000000,7.980000,-2.070000,18.629999,154.160004,-41.309998,8.429999,0.000035,0.003186,-0.024797,0.999687,-0.000700,-0.000500,-0.943300
14,True,True,-1.000000,1.000000,9.260000,-2.410000,18.629999,165.279999,-44.799999,8.429999,0.000046,0.003186,-0.028725,0.999582,-0.000600,-0.000500,-1.003700
15,True,True,-1.000000,1.000000,10.639999,-2.780000,18.629999,176.279999,-48.430000,8.429999,0.000057,0.003186,-0.032906,0.999453,-0.000500,-0.000500,-1.062200
16,True,True,-1.000000,1.000000,12.110000,-3.180000,18.629999,187.139999,-52.199997,8.429999,0.000067,0.003186,-0.037329,0.999298,-0.000400,-0.000500,-1.118900
17,True,True,-1.000000,1.000000,13.670000,-3.610000,18.629999,197.869995,-56.129997,8.429999,0.000078,0.003186,-0.041985,0.999113,-0.000300,-0.000500,-1.173700
18,True,True,-1.000000,1.000000,15.320000,-4.080000,18.629999,208.449997,-60.230000,8.429999,0.000094,0.003186,-0.046873,0.998896,-0.000200,-0.000500,-1.226700
19,True,True,-1.000000,1.000000,17.059999,-4.580000,18.629999,218.879990,-64.519997,8.429999,0.000111,0.003186,-0.051976,0.998643,-0.000100,-0.000500,-1.277900
20,True,True,-1.000000,1.000000,18.879999,-5.120000,18.629999,229.149994,-69.000000,8.429999,0.000127,0.003186,-0.057290,0.998352,0.000000,-0.000500,-1.327300
21,True,True,-1.000000,1.000000,20.789999,-5.690000,18.629999,239.259995,-73.689995,8.429999,0.000143,0.003180,-0.062809,0.998020,0.000000,-0.000500,-1.374900
22,True,True,-1.000000,1.000000,22.779999,-6.300000,18.629999,249.199997,-78.589996,8.429999,0.000159,0.003175,-0.068528,0.997644,0.000000,-0.000500,-1.420900
23,True,True,-1.000000,1.000000,24.859999,-6.950000,18.629999,258.959991,-83.709999,8.429999,0.000181,0.003169,-0.074435,0.997221,0.000000,-0.000400,-1.465300
24,True,True,-1.000000,1.000000,27.019999,-7.650000,18.629999,268.540009,-89.059998,8.429999,0.000202,0.003164,-0.080520,0.996748,0.000000,-0.000300,-1.508000
25,True,True,-1.000000,1.000000,29.260000,-8.389999,18.629999,277.929993,-94.639999,8.429999,0.000224,0.003164,-0.086784,0.996222,0.000000,-0.000200,-1.549100
26,True,True,-1.000000,1.000000,31.580000,-9.179999,18.629999,287.119995,-100.470001,8.429999,0.000245,0.003164,-0.093214,0.995641,0.000000,-0.000200,-1.588600
27,True,True,-1.000000,1.000000,33.969997,-10.020000,18.629999,296.100006,-106.540001,8.429999,0.000267,0.003164,-0.099801,0.995002,0.000000,-0.000200,-1.626600
28,True,True,-1.000000,1.000000,36.439999,-10.910000,18.629999,304.859985,-112.869995,8.429999,0.000289,0.003164,-0.106545,0.994303,0.000000,-0.000200,-1.663100
29,True,True,-1.000000,1.000000,38.980000,-11.849999,18.629999,313.399994,-119.449997,8.429999,0.000310,0.003159,-0.113434,0.993540,0.000000,-0.000200,-1.698100
30,True,True,-1.000000,1.000000,41.590000,-12.849999,18.629999,321.699982,-126.290001,8.429999,0.000332,0.003153,-0.120458,0.992713,0.000000,-0.000200,-1.731600
31,True,True,-1.000000,1.000000,44.270000,-13.900000,18.629999,329.759979,-133.379990,8.429999,0.000353,0.003148,-0.127617,0.991818,0.000000,-0.000200,-1.763700
32,True,True,-1.000000,1.000000,47.020000,-15.009999,18.629999,337.570007,-140.729996,8.429999,0.000375,0.003142,-0.134900,0.990854,0.000000,-0.000200,-1.794500
33,True,True,-1.000000,1.000000,49.829998,-16.180000,18.629999,345.130005,-148.339996,8.429999,0.000397,0.003137,-0.142307,0.989817,0.000100,-0.000200,-1.823900
34,True,True,-1.000000,1.000000,52.709999,-17.420000,18.629999,352.419983,-156.199997,8.429999,0.000423,0.003132,-0.149828,0.988707,0.000200,-0.000100,-1.852000
35,True,True,-1.000000,1.000000,55.649998,-18.719999,18.629999,359.440002,-164.319992,8.429999,0.000450,0.003126,-0.157450,0.987522,0.000200,-0.000100,-1.878800
36,True,True,-1.000000,1.000000,58.649998,-20.090000,18.629999,366.179993,-172.690002,8.429999,0.000477,0.003121,-0.165176,0.986259,0.000200,0.000000,-1.904400
37,True,True,-1.000000,1.000000,61.699997,-21.529999,18.629999,372.630005,-181.309998,8.429999,0.000504,0.003115,-0.172998,0.984917,0.000200,0.000000,-1.928800
38,True,True,-1.000000,1.000000,64.809998,-23.039999,18.629999,378.779999,-190.179993,8.429999,0.000531,0.003110,-0.180907,0.983495,0.000200,0.000000,-1.952000
39,True,True,-1.000000,1.000000,67.970001,-24.619999,18.629999,384.630005,-199.289993,8.429999,0.000558,0.003105,-0.188902,0.981991,0.000200,0.000000,-1.974100
40,True,True,-1.000000,1.000000,71.180000,-26.279999,18.629999,390.169983,-208.629990,8.429999,0.000585,0.003099,-0.196973,0.980404,0.000200,0.000000,-1.995000
41,True,True,-1.000000,1.000000,74.430000,-28.019999,18.629999,395.389984,-218.199997,8.429999,0.000612,0.003094,-0.205114,0.978733,0.000200,0.000000,-2.014900
42,True,True,-1.000000,1.000000,77.720001,-29.840000,18.629999,400.279999,-227.989990,8.429999,0.000639,0.003089,-0.213325,0.976976,0.000200,0.000000,-2.033700
43,True,True,-1.000000,1.000000,81.059998,-31.740000,18.629999,404.839996,-238.000000,8.429999,0.000666,0.003083,-0.221595,0.975134,0.000200,0.000000,-2.051500
44,True,True,-1.000000,1.000000,84.430000,-33.719997,18.629999,409.059998,-248.220001,8.429999,0.000693,0.003078,-0.229924,0.973203,0.000200,0.000000,-2.068200
45,True,True,-1.000000,1.000000,87.839996,-35.790001,18.629999,412.940002,-258.639984,8.429999,0.000720,0.003072,-0.238303,0.971186,0.000200,0.000000,-2.084000
46,True,True,-1.000000,1.000000,91.279999,-37.950001,18.629999,416.470001,-269.250000,8.429999,0.000747,0.003067,-0.246729,0.969079,0.000200,0.000000,-2.098800
47,True,True,-1.000000,1.000000,94.750000,-40.189999,18.629999,419.649994,-280.040009,8.429999,0.000774,0.003062,-0.255194,0.966885,0.000200,0.000000,-2.112700
48,True,True,-1.000000,1.000000,98.250000,-42.520000,18.629999,422.449982,-291.019989,8.429999,0.000801,0.003056,-0.263696,0.964601,0.000200,0.000000,-2.126100
49,True,True,-1.000000,1.000000,101.769997,-44.950001,18.629999,424.839996,-302.190002,8.429999,0.000828,0.003051,-0.272231,0.962227,0.000200,0.000000,-2.139800
50,True,True,-1.000000,1.000000,105.309998,-47.469997,18.629999,426.829987,-313.539978,8.429999,0.000855,0.003045,-0.280798,0.959762,0.000200,0.000000,-2.153700
51,True,True,-1.000000,1.000000,108.869995,-50.079998,18.629999,428.410004,-325.059998,8.429999,0.000882,0.003040,-0.289397,0.957204,0.000200,0.000000,-2.167600
52,True,True,-1.000000,1.000000,112.439995,-52.789997,18.629999,429.579987,-336.729980,8.429999,0.000909,0.003035,-0.298029,0.954552,0.000200,-0.000100,-2.181400
53,True,True,-1.000000,1.000000,116.019997,-55.599998,18.629999,430.339996,-348.539978,8.429999,0.000936,0.003024,-0.306693,0.951803,0.000200,-0.000200,-2.195100
54,True,True,-1.000000,1.000000,119.610001,-58.500000,18.629999,430.690002,-360.479980,8.429999,0.000963,0.003013,-0.315384,0.948959,0.000200,-0.000200,-2.208700
55,True,True,-1.000000,1.000000,123.199997,-61.500000,18.629999,430.630005,-372.529999,8.429999,0.000990,0.003002,-0.324102,0.946017,0.000200,-0.000200,-2.222000
56,True,True,-1.000000,1.000000,126.790001,-64.599998,18.629999,430.149994,-384.679993,8.429999,0.001017,0.002991,-0.332847,0.942976,0.000200,-0.000200,-2.235100
57,True,True,-1.000000,1.000000,130.369995,-67.809998,18.629999,429.250000,-396.919983,8.429999,0.001044,0.002981,-0.341613,0.939835,0.000200,-0.000200,-2.247900
58,True,True,-1.000000,1.000000,133.949997,-71.119995,18.629999,427.929993,-409.239990,8.429999,0.001071,0.002970,-0.350401,0.936594,0.000200,-0.000200,-2.260300
59,True,True,-1.000000,1.000000,137.520004,-74.529999,18.629999,426.190002,-421.619995,8.429999,0.001098,0.002959,-0.359206,0.933253,0.000200,-0.000200,-2.272400
60,True,True,-1.000000,1.000000,141.069992,-78.040001,18.629999,424.029999,-434.059998,8.429999,0.001125,0.002948,-0.368026,0.929810,0.000200,-0.000200,-2.284200
61,True,True,-1.000000,1.000000,144.599991,-81.659996,18.629999,421.440002,-446.539978,8.429999,0.001152,0.002937,-0.376858,0.926266,0.000300,-0.000200,-2.295600
62,True,True,-1.000000,1.000000,148.110001,-85.379997,18.629999,418.419983,-459.039978,8.429999,0.001179,0.002927,-0.385700,0.922619,0.000300,-0.000200,-2.306600
63,True,True,-1.000000,1.000000,151.599991,-89.209999,18.629999,414.979980,-471.559998,8.429999,0.001206,0.002916,-0.394547,0.918870,0.000300,-0.000200,-2.317300
64,True,True,-1.000000,1.000000,155.059998,-93.139999,18.629999,411.109985,-484.079987,8.429999,0.001233,0.002905,-0.403400,0.915018,0.000300,-0.000200,-2.327600
65,True,True,-1.000000,1.000000,158.489990,-97.169998,18.629999,406.809998,-496.589996,8.429999,0.001260,0.002894,-0.412253,0.911064,0.000300,-0.000200,-2.337500
66,True,True,-1.000000,1.000000,161.879990,-101.309998,18.629999,402.079987,-509.079987,8.429999,0.001287,0.002884,-0.421106,0.907006,0.000300,-0.000200,-2.347000
67,True,True,-1.000000,1.000000,165.229996,-105.549995,18.629999,396.919983,-521.539978,8.429999,0.001314,0.002873,-0.429953,0.902846,0.000300,-0.000200,-2.356200
68,True,True,-1.000000,1.000000,168.539993,-109.899994,18.629999,391.339996,-533.950012,8.429999,0.001341,0.002862,-0.438796,0.898581,0.000300,-0.000300,-2.365000
69,True,True,-1.000000,1.000000,171.800003,-114.349998,18.629999,385.329987,-546.299988,8.429999,0.001373,0.002846,-0.447627,0.894215,0.000300,-0.000400,-2.373400
70,True,True,-1.000000,1.000000,175.009995,-118.899994,18.629999,378.899994,-558.580017,8.429999,0.001405,0.002830,-0.456447,0.889745,0.000300,-0.000400,-2.381500
71,True,True,-1.000000,1.000000,178.169998,-123.549995,18.629999,372.049988,-570.769958,8.429999,0.001438,0.002813,-0.465252,0.885173,0.000300,-0.000400,-2.389200
72,True,True,-1.000000,1.000000,181.269989,-128.309998,18.629999,364.779999,-582.859985,8.429999,0.001470,0.002797,-0.474040,0.880498,0.000300,-0.000400,-2.396600
73,True,True,-1.000000,1.000000,184.309998,-133.169998,18.629999,357.089996,-594.839966,8.429999,0.001502,0.002781,-0.482806,0.875721,0.000300,-0.000300,-2.403600
74,True,True,-1.000000,1.000000,187.289993,-138.129990,18.629999,348.989990,-606.700012,8.429999,0.001529,0.002765,-0.491551,0.870843,0.000200,-0.000300,-2.410300
75,True,True,-1.000000,1.000000,190.199997,-143.190002,18.629999,340.479980,-618.419983,8.429999,0.001556,0.002749,-0.500269,0.865864,0.000200,-0.000300,-2.416700
76,True,True,-1.000000,1.000000,193.039993,-148.339996,18.629999,331.559998,-630.000000,8.429999,0.001583,0.002732,-0.508960,0.860784,0.000200,-0.000300,-2.422800
77,True,True,-1.000000,1.000000,195.800003,-153.589996,18.629999,322.239990,-641.419983,8.429999,0.001610,0.002716,-0.517625,0.855602,0.000200,-0.000300,-2.428500
78,True,True,-1.000000,1.000000,198.489990,-158.940002,18.629999,312.529999,-652.659973,8.429999,0.001637,0.002700,-0.526256,0.850320,0.000200,-0.000300,-2.433900
79,True,True,-1.000000,1.000000,201.089996,-164.379990,18.629999,302.419983,-663.719971,8.429999,0.001664,0.002684,-0.534850,0.844941,0.000200,-0.000300,-2.439000
80,True,True,-1.000000,1.000000,203.610001,-169.910004,18.629999,291.929993,-674.579956,8.429999,0.001691,0.002668,-0.543412,0.839460,0.000200,-0.000300,-2.443900
81,True,True,-1.000000,1.000000,206.039993,-175.529999,18.629999,281.059998,-685.239990,8.429999,0.001718,0.002652,-0.551930,0.833884,0.000200,-0.000300,-2.448500
82,True,True,-1.000000,1.000000,208.379990,-181.239990,18.629999,269.820007,-695.679993,8.429999,0.001745,0.002635,-0.560411,0.828209,0.000200,-0.000300,-2.452800
83,True,True,-1.000000,1.000000,210.629990,-187.039993,18.629999,258.209991,-705.890015,8.429999,0.001772,0.002619,-0.568843,0.822440,0.000200,-0.000300,-2.456800
84,True,True,-1.000000,1.000000,212.779999,-192.919998,18.629999,246.239990,-715.859985,8.429999,0.001799,0.002603,-0.577232,0.816574,0.000200,-0.000300,-2.460600
85,True,True,-1.000000,1.000000,214.830002,-198.889999,18.629999,233.919998,-725.570007,8.429999,0.001826,0.002581,-0.585572,0.810614,0.000100,-0.000300,-2.464100
86,True,True,-1.000000,1.000000,216.779999,-204.940002,18.629999,221.259995,-735.019958,8.429999,0.001853,0.002560,-0.593864,0.804559,0.000100,-0.000300,-2.467400
87,True,True,-1.000000,1.000000,218.619995,-211.069992,18.629999,208.259995,-744.200012,8.429999,0.001880,0.002538,-0.602102,0.798413,0.000100,-0.000300,-2.470400
88,True,True,-1.000000,1.000000,220.360001,-217.269989,18.629999,194.929993,-753.099976,8.429999,0.001907,0.002517,-0.610286,0.792175,0.000100,-0.000300,-2.473200
89,True,True,-1.000000,1.000000,221.979996,-223.549988,18.629999,181.289993,-761.709961,8.429999,0.001934,0.002495,-0.618416,0.785845,0.000100,-0.000300,-2.475800
90,True,True,-1.000000,1.000000,223.489990,-229.899994,18.629999,167.330002,-770.010010,8.429999,0.001961,0.002474,-0.626492,0.779421,0.000100,-0.000300,-2.478200
91,True,True,-1.000000,1.000000,224.879990,-236.319992,18.629999,153.069992,-778.000000,8.429999,0.001988,0.002452,-0.634509,0.772909,0.000100,-0.000300,-2.480300
92,True,True,-1.000000,1.000000,226.159988,-242.799988,18.629999,138.520004,-785.669983,8.429999,0.002015,0.002430,-0.642461,0.766312,0.000100,-0.000300,-2.482200
93,True,True,-1.000000,1.000000,227.309998,-249.349991,18.629999,123.680000,-793.019958,8.429999,0.002042,0.002409,-0.650353,0.759625,0.000100,-0.000200,-2.484000
94,True,True,-1.000000,1.000000,228.339996,-255.959991,18.629999,108.570000,-800.029968,8.429999,0.002069,0.002387,-0.658181,0.752853,0.000100,-0.000200,-2.485600
95,True,True,-1.000000,1.000000,229.239990,-262.630005,18.629999,93.199997,-806.700012,8.429999,0.002096,0.002366,-0.665944,0.745995,0.000100,-0.000200,-2.487000
96,True,True,-1.000000,1.000000,230.019989,-269.350006,18.629999,77.570000,-813.010010,8.429999,0.002123,0.002344,-0.673637,0.739055,0.000100,-0.000200,-2.488200
97,True,True,-1.000000,1.000000,230.669998,-276.130005,18.629999,61.699997,-818.969971,8.429999,0.002150,0.002322,-0.681266,0.732029,0.000000,-0.000100,-2.489200
98,True,True,-1.000000,1.000000,231.179993,-282.949982,18.629999,45.599998,-824.559998,8.429999,0.002177,0.002301,-0.688824,0.724922,0.000000,-0.000100,-2.490000
99,True,True,-1.000000,1.000000,231.559998,-289.820007,18.629999,29.269999,-829.779968,8.429999,0.002198,0.002279,-0.696306,0.717738,0.000000,-0.000100,-2.490700
100,True,True,-1.000000,1.000000,231.799988,-296.729980,18.629999,12.730000,-834.619995,8.429999,0.002220,0.002258,-0.703719,0.710471,0.000000,-0.000100,-2.491200
101,True,True,-1.000000,1.000000,231.909988,-303.690002,18.629999,-4.000000,-839.070007,8.429999,-0.002242,-0.002236,0.711053,-0.703131,0.000000,-0.000100,-2.491600
102,True,True,-1.000000,1.000000,231.879990,-310.679993,18.629999,-20.920000,-843.130005,8.429999,-0.002263,-0.002215,0.718313,-0.695713,0.000000,-0.000100,-2.491800
103,True,True,-1.000000,1.000000,231.709991,-317.709991,18.629999,-38.020000,-846.799988,8.429999,-0.002285,-0.002193,0.725496,-0.688219,0.000000,-0.000100,-2.491900
104,True,True,-1.000000,1.000000,231.389999,-324.769989,18.629999,-55.279999,-850.070007,8.429999,-0.002306,-0.002171,0.732601,-0.680650,0.000000,-0.000100,-2.491900
105,True,True,-1.000000,1.000000,230.929993,-331.850006,18.629999,-72.699997,-852.929993,8.440000,-0.002328,-0.002144,0.739630,-0.673006,0.000000,-0.000100,-2.491700
106,True,True,-1.000000,1.000000,230.319992,-338.959991,18.629999,-90.269997,-855.380005,8.440000,-0.002349,-0.002117,0.746577,-0.665291,0.000000,-0.000100,-2.491400
107,True,True,-1.000000,1.000000,229.569992,-346.089996,18.629999,-107.970001,-857.419983,8.440000,-0.002371,-0.002090,0.753442,-0.657507,0.000000,-0.000100,-2.491000
108,True,True,-1.000000,1.000000,228.669998,-353.239990,18.629999,-125.790001,-859.049988,8.440000,-0.002393,-0.002064,0.760225,-0.649652,0.000000,-0.000100,-2.490500
109,True,True,-1.000000,1.000000,227.619995,-360.399994,18.629999,-143.720001,-860.260010,8.440000,-0.002414,-0.002037,0.766927,-0.641727,0.000000,-0.000100,-2.489800
110,True,True,-1.000000,1.000000,226.419998,-367.569977,18.629999,-161.750000,-861.039978,8.440000,-0.002436,-0.002010,0.773542,-0.633737,0.000000,-0.000100,-2.489000
111,True,True,-1.000000,1.000000,225.069992,-374.750000,18.629999,-179.869995,-861.399963,8.440000,-0.002457,-0.001983,0.780071,-0.625683,0.000000,-0.000100,-2.488100
112,True,True,-1.000000,1.000000,223.569992,-381.929993,18.629999,-198.069992,-861.329956,8.440000,-0.002479,-0.001956,0.786515,-0.617564,0.000000,-0.000100,-2.487100
113,True,True,-1.000000,1.000000,221.919998,-389.109985,18.629999,-216.330002,-860.829956,8.440000,-0.002500,-0.001929,0.792872,-0.609380,0.000000,-0.000100,-2.486000
114,True,True,-1.000000,1.000000,220.119995,-396.279999,18.629999,-234.639999,-859.899963,8.440000,-0.002522,-0.001902,0.799140,-0.601136,0.000000,-0.000100,-2.484900
115,True,True,-1.000000,1.000000,218.159988,-403.449982,18.629999,-253.000000,-858.539978,8.440000,-0.002544,-0.001875,0.805323,-0.592828,0.000000,-0.000100,-2.483700
116,True,True,-1.000000,1.000000,216.049988,-410.599976,18.629999,-271.389984,-856.750000,8.440000,-0.002565,-0.001848,0.811416,-0.584461,0.000000,-0.000100,-2.482400
117,True,True,-1.000000,1.000000,213.789993,-417.739990,18.629999,-289.790009,-854.519958,8.440000,-0.002587,-0.001821,0.817416,-0.576040,0.000000,0.000000,-2.481000
118,True,True,-1.000000,1.000000,211.379990,-424.859985,18.629999,-308.199982,-851.859985,8.440000,-0.002603,-0.001794,0.823327,-0.567559,0.000000,0.000000,-2.479500
119,True,True,-1.000000,1.000000,208.809998,-431.959991,18.629999,-326.609985,-848.769958,8.440000,-0.002619,-0.001767,0.829145,-0.559024,0.000000,0.000000,-2.477900
120,True,True,-1.000000,1.000000,206.089996,-439.029999,18.629999,-345.000000,-845.239990,8.440000,-0.002635,-0.001740,0.834871,-0.550436,0.000000,0.000000,-2.476200
121,True,True,-1.000000,1.000000,203.220001,-446.069977,18.629999,-363.359985,-841.279968,8.440000,-0.002652,-0.001713,0.840506,-0.541793,0.000000,0.000000,-2.474400
122,True,True,-1.000000,1.000000,200.190002,-453.079987,18.629999,-381.679993,-836.889954,8.440000,-0.002668,-0.001686,0.846048,-0.533097,0.000000,0.000000,-2.472600
123,True,True,-1.000000,1.000000,197.009995,-460.049988,18.629999,-399.949982,-832.070007,8.440000,-0.002684,-0.001659,0.851496,-0.524352,0.000000,0.000000,-2.470700
124,True,True,-1.000000,1.000000,193.679993,-466.979980,18.629999,-418.160004,-826.820007,8.440000,-0.002700,-0.001632,0.856849,-0.515558,0.000000,0.000000,-2.468700
125,True,True,-1.000000,1.000000,190.199997,-473.869995,18.629999,-436.299988,-821.139954,8.440000,-0.002716,-0.001605,0.862107,-0.506716,0.000000,-0.000100,-2.466700
126,True,True,-1.000000,1.000000,186.559998,-480.709991,18.629999,-454.359985,-815.039978,8.440000,-0.002732,-0.001578,0.867268,-0.497831,0.000000,-0.000100,-2.464600
127,True,True,-1.000000,1.000000,182.769989,-487.500000,18.629999,-472.329987,-808.519958,8.440000,-0.002749,-0.001551,0.872336,-0.488897,0.000000,-0.000100,-2.462500
128,True,True,-1.000000,1.000000,178.830002,-494.239990,18.629999,-490.190002,-801.579956,8.440000,-0.002765,-0.001524,0.877306,-0.479920,0.000000,-0.000100,-2.460300
129,True,True,-1.000000,1.000000,174.750000,-500.919983,18.629999,-507.940002,-794.219971,8.440000,-0.002781,-0.001497,0.882181,-0.470900,0.000000,-0.000100,-2.458000
130,True,True,-1.000000,1.000000,170.519989,-507.539978,18.629999,-525.570007,-786.450012,8.440000,-0.002797,-0.001470,0.886956,-0.461842,0.000000,-0.000100,-2.455700
131,True,True,-1.000000,1.000000,166.139999,-514.089966,18.629999,-543.059998,-778.269958,8.440000,-0.002813,-0.001443,0.891636,-0.452741,0.000000,-0.000100,-2.453300
132,True,True,-1.000000,1.000000,161.610001,-520.580017,18.629999,-560.409973,-769.679993,8.440000,-0.002830,-0.001416,0.896218,-0.443602,0.000000,-0.000100,-2.450900
133,True,True,-1.000000,1.000000,156.940002,-526.989990,18.629999,-577.599976,-760.690002,8.440000,-0.002846,-0.001389,0.900702,-0.434426,0.000000,-0.000100,-2.448500
134,True,True,-1.000000,1.000000,152.129990,-533.330017,18.629999,-594.630005,-751.299988,8.440000,-0.002862,-0.001362,0.905086,-0.425217,0.000000,-0.000100,-2.446000
135,True,True,-1.000000,1.000000,147.169998,-539.589966,18.629999,-611.479980,-741.519958,8.440000,-0.002878,-0.001335,0.909373,-0.415970,0.000000,-0.000100,-2.443500
136,True,True,-1.000000,1.000000,142.069992,-545.769958,18.629999,-628.149963,-731.349976,8.440000,-0.002894,-0.001308,0.913560,-0.406691,-0.000100,-0.000100,-2.440900
137,True,True,-1.000000,1.000000,136.839996,-551.859985,18.629999,-644.630005,-720.799988,8.440000,-0.002905,-0.001276,0.917649,-0.397380,-0.000200,-0.000100,-2.438300
138,True,True,-1.000000,1.000000,131.470001,-557.869995,18.629999,-660.899963,-709.869995,8.440000,-0.002916,-0.001244,0.921639,-0.388036,-0.000200,-0.000100,-2.435600
139,True,True,-1.000000,1.000000,125.959999,-563.789978,18.629999,-676.959961,-698.559998,8.440000,-0.002927,-0.001211,0.925528,-0.378665,-0.000200,-0.000100,-2.432900
140,True,True,-1.000000,1.000000,120.320000,-569.609985,18.629999,-692.799988,-686.880005,8.440000,-0.002937,-0.001179,0.929320,-0.369262,-0.000100,-0.000100,-2.430200
141,True,True,-1.000000,1.000000,114.549995,-575.330017,18.629999,-708.419983,-674.839966,8.440000,-0.002948,-0.001146,0.933012,-0.359832,-0.000100,-0.000100,-2.427400
142,True,True,-1.000000,1.000000,108.649994,-580.950012,18.629999,-723.799988,-662.440002,8.440000,-0.002959,-0.001114,0.936604,-0.350374,0.000000,-0.000100,-2.424600
143,True,True,-1.000000,1.000000,102.619995,-586.469971,18.629999,-738.929993,-649.690002,8.440000,-0.002970,-0.001082,0.940096,-0.340896,0.000000,-0.000100,-2.421800
144,True,True,-1.000000,1.000000,96.459999,-591.880005,18.629999,-753.809998,-636.599976,8.440000,-0.002981,-0.001049,0.943488,-0.331390,0.000000,-0.000100,-2.418900
145,True,True,-1.000000,1.000000,90.180000,-597.179993,18.629999,-768.429993,-623.169983,8.440000,-0.002991,-0.001017,0.946781,-0.321863,0.000000,-0.000100,-2.416000
146,True,True,-1.000000,1.000000,83.779999,-602.369995,18.629999,-782.779968,-609.409973,8.440000,-0.003002,-0.000985,0.949974,-0.312314,0.000000,-0.000100,-2.413100
147,True,True,-1.000000,1.000000,77.259995,-607.450012,18.629999,-796.859985,-595.320007,8.440000,-0.003013,-0.000952,0.953065,-0.302749,0.000000,-0.000100,-2.410200
148,True,True,-1.000000,1.000000,70.619995,-612.409973,18.629999,-810.659973,-580.909973,8.440000,-0.003024,-0.000920,0.956057,-0.293162,0.000000,-0.000100,-2.407200
149,True,True,-1.000000,1.000000,63.859997,-617.250000,18.629999,-824.169983,-566.190002,8.440000,-0.003035,-0.000887,0.958949,-0.283560,0.000000,-0.000100,-2.404200
150,True,True,-1.000000,1.000000,56.989998,-621.969971,18.629999,-837.380005,-551.169983,8.440000,-0.003045,-0.000855,0.961741,-0.273941,0.000000,-0.000100,-2.401200
151,True,True,-1.000000,1.000000,50.009998,-626.559998,18.629999,-850.289978,-535.839966,8.440000,-0.003056,-0.000823,0.964434,-0.264306,0.000000,0.000000,-2.398400
152,True,True,-1.000000,1.000000,42.919998,-631.029968,18.629999,-862.889954,-520.200012,8.440000,-0.003062,-0.000790,0.967027,-0.254654,0.000000,0.000000,-2.396100
153,True,True,-1.000000,1.000000,35.730000,-635.359985,18.629999,-875.179993,-504.250000,8.440000,-0.003067,-0.000758,0.969521,-0.244987,0.000100,0.000000,-2.394200
154,True,True,-1.000000,1.000000,28.439999,-639.559998,18.629999,-887.149963,-488.009979,8.440000,-0.003072,-0.000726,0.971917,-0.235303,0.000100,0.000000,-2.392600
155,True,True,-1.000000,1.000000,21.049999,-643.630005,18.629999,-898.789978,-471.489990,8.440000,-0.003078,-0.000693,0.974214,-0.225603,0.000200,0.000000,-2.391200
156,True,True,-1.000000,1.000000,13.559999,-647.559998,18.629999,-910.099976,-454.690002,8.440000,-0.003083,-0.000661,0.976413,-0.215887,0.000200,0.000000,-2.390100
157,True,True,-1.000000,1.000000,5.980000,-651.349976,18.629999,-921.070007,-437.630005,8.440000,-0.003089,-0.000628,0.978514,-0.206155,0.000300,0.000000,-2.389200
158,True,True,-1.000000,1.000000,-1.700000,-655.000000,18.629999,-931.690002,-420.309998,8.440000,-0.003094,-0.000602,0.980519,-0.196401,0.000300,0.000000,-2.388400
159,True,True,-1.000000,1.000000,-9.460000,-658.500000,18.629999,-941.959961,-402.729980,8.440000,-0.003099,-0.000575,0.982425,-0.186631,0.000300,-0.000100,-2.387800
160,True,True,-1.000000,1.000000,-17.309999,-661.859985,18.629999,-951.869995,-384.910004,8.440000,-0.003105,-0.000542,0.984233,-0.176850,0.000300,-0.000100,-2.387300
161,True,True,-1.000000,1.000000,-25.240000,-665.070007,18.629999,-961.419983,-366.850006,8.440000,-0.003110,-0.000510,0.985943,-0.167053,0.000300,-0.000100,-2.387000
162,True,True,-1.000000,1.000000,-33.250000,-668.130005,18.629999,-970.599976,-348.559998,8.440000,-0.003115,-0.000477,0.987555,-0.157240,0.000300,-0.000100,-2.386700
163,True,True,-1.000000,1.000000,-41.340000,-671.029968,18.629999,-979.409973,-330.039978,8.440000,-0.003121,-0.000445,0.989070,-0.147411,0.000300,-0.000100,-2.386500
164,True,True,-1.000000,1.000000,-49.500000,-673.779968,18.629999,-987.839966,-311.309998,8.440000,-0.003126,-0.000413,0.990487,-0.137571,0.000300,-0.000100,-2.386400
165,True,True,-1.000000,1.000000,-57.730000,-676.369995,18.629999,-995.889954,-292.369995,8.440000,-0.003132,-0.000380,0.991806,-0.127714,0.000300,-0.000100,-2.386400
166,True,True,-1.000000,1.000000,-66.029999,-678.809998,18.629999,-1003.549988,-273.229980,8.440000,-0.003137,-0.000348,0.993027,-0.117847,0.000300,-0.000100,-2.386400
167,True,True,-1.000000,1.000000,-74.389999,-681.089966,18.629999,-1010.820007,-253.889999,8.440000,-0.003142,-0.000316,0.994149,-0.107969,0.000300,-0.000100,-2.386500
168,True,True,-1.000000,1.000000,-82.809998,-683.209961,18.629999,-1017.690002,-234.369995,8.440000,-0.003148,-0.000283,0.995173,-0.098080,0.000300,-0.000100,-2.386600
169,True,True,-1.000000,1.000000,-91.290001,-685.159973,18.629999,-1024.160034,-214.669998,8.440000,-0.003153,-0.000251,0.996099,-0.088181,0.000300,-0.000100,-2.386700
170,True,True,-1.000000,1.000000,-99.820000,-686.950012,18.629999,-1030.229980,-194.809998,8.440000,-0.003159,-0.000218,0.996927,-0.078271,0.000300,0.000000,-2.386900
171,True,True,-1.000000,1.000000,-108.409996,-688.570007,18.629999,-1035.890015,-174.779999,8.440000,-0.003159,-0.000186,0.997656,-0.068350,0.000300,0.000000,-2.387100
172,True,True,-1.000000,1.000000,-117.040001,-690.029968,18.629999,-1041.140015,-154.599991,8.440000,-0.003159,-0.000154,0.998287,-0.058423,0.000400,0.000000,-2.387300
173,True,True,-1.000000,1.000000,-125.719994,-691.320007,18.629999,-1045.969971,-134.279999,8.440000,-0.003159,-0.000121,0.998818,-0.048491,0.000400,0.000000,-2.387500
174,True,True,-1.000000,1.000000,-134.440002,-692.440002,18.629999,-1050.380005,-113.820000,8.440000,-0.003159,-0.000089,0.999251,-0.038554,0.000400,0.000000,-2.387700
175,True,True,-1.000000,1.000000,-143.190002,-693.390015,18.629999,-1054.369995,-93.239998,8.440000,-0.003159,-0.000057,0.999586,-0.028611,0.000400,0.000000,-2.387900
176,True,True,-1.000000,1.000000,-151.979996,-694.169983,18.629999,-1057.929932,-72.540001,8.440000,-0.003159,-0.000024,0.999821,-0.018663,0.000400,-0.000100,-2.388100
177,True,True,-1.000000,1.000000,-160.800003,-694.769958,18.629999,-1061.059937,-51.730000,8.440000,-0.003159,0.000008,0.999957,-0.008715,0.000500,-0.000100,-2.388300
178,True,True,-1.000000,1.000000,-169.639999,-695.200012,18.629999,-1063.760010,-30.830000,8.440000,-0.003159,0.000035,0.999994,0.001238,0.000500,-0.000100,-2.388500
179,True,True,-1.000000,1.000000,-178.500000,-695.459961,18.629999,-1066.030029,-9.830000,8.440000,-0.003159,0.000062,0.999932,0.011192,0.000500,-0.000100,-2.388700
180,True,True,-1.000000,1.000000,-187.379990,-695.539978,18.629999,-1067.859985,11.240000,8.440000,-0.003159,0.000089,0.999771,0.021145,0.000500,-0.000100,-2.388900
181,True,True,-1.000000,1.000000,-196.279999,-695.450012,18.629999,-1069.250000,32.380001,8.440000,-0.003159,0.000116,0.999511,0.031093,0.000400,-0.000100,-2.389100
182,True,True,-1.000000,1.000000,-205.190002,-695.179993,18.629999,-1070.199951,53.579998,8.440000,-0.003159,0.000148,0.999152,0.041041,0.000300,-0.000100,-2.389300
183,True,True,-1.000000,1.000000,-214.110001,-694.729980,18.629999,-1070.709961,74.830002,8.440000,-0.003159,0.000181,0.998694,0.050984,0.000300,-0.000100,-2.389500
184,True,True,-1.000000,1.000000,-223.029999,-694.109985,18.629999,-1070.780029,96.129997,8.440000,-0.003159,0.000213,0.998137,0.060926,0.000300,-0.000100,-2.389700
185,True,True,-1.000000,1.000000,-231.949997,-693.309998,18.629999,-1070.400024,117.459999,8.440000,-0.003159,0.000245,0.997481,0.070864,0.000300,-0.000100,-2.389900
186,True,True,-1.000000,1.000000,-240.869995,-692.329956,18.629999,-1069.579956,138.809998,8.440000,-0.003159,0.000278,0.996726,0.080790,0.000300,-0.000100,-2.390100
187,True,True,-1.000000,1.000000,-249.779999,-691.169983,18.629999,-1068.309937,160.179993,8.440000,-0.003159,0.000310,0.995872,0.090711,0.000300,0.000000,-2.390300
188,True,True,-1.000000,1.000000,-258.679993,-689.839966,18.629999,-1066.589966,181.550003,8.440000,-0.003153,0.000343,0.994919,0.100627,0.000300,0.000000,-2.390500
189,True,True,-1.000000,1.000000,-267.570007,-688.329956,18.629999,-1064.419922,202.919998,8.440000,-0.003148,0.000375,0.993867,0.110532,0.000300,0.000000,-2.390700
190,True,True,-1.000000,1.000000,-276.440002,-686.640015,18.629999,-1061.809937,224.269989,8.440000,-0.003142,0.000407,0.992717,0.120426,0.000300,0.000000,-2.390800
191,True,True,-1.000000,1.000000,-285.290009,-684.769958,18.629999,-1058.750000,245.599991,8.440000,-0.003137,0.000440,0.991468,0.130309,0.000300,0.000000,-2.390900
192,True,True,-1.000000,1.000000,-294.109985,-682.719971,18.629999,-1055.239990,266.889984,8.440000,-0.003132,0.000472,0.990121,0.140182,0.000300,0.000000,-2.391000
193,True,True,-1.000000,1.000000,-302.899994,-680.500000,18.629999,-1051.280029,288.139984,8.440000,-0.003126,0.000504,0.988675,0.150038,0.000300,-0.000100,-2.391100
194,True,True,-1.000000,1.000000,-311.660004,-678.099976,18.629999,-1046.880005,309.329987,8.440000,-0.003121,0.000537,0.987132,0.159878,0.000300,-0.000100,-2.391200
195,True,True,-1.000000,1.000000,-320.380005,-675.519958,18.629999,-1042.030029,330.459991,8.440000,-0.003115,0.000569,0.985489,0.169707,0.000300,-0.000100,-2.391300
196,True,True,-1.000000,1.000000,-329.059998,-672.769958,18.629999,-1036.729980,351.519989,8.440000,-0.003110,0.000602,0.983749,0.179521,0.000300,-0.000100,-2.391400
197,True,True,-1.000000,1.000000,-337.699982,-669.839966,18.629999,-1030.989990,372.489990,8.440000,-0.003105,0.000634,0.981912,0.189312,0.000300,-0.000100,-2.391500
198,True,True,-1.000000,1.000000,-346.289978,-666.739990,18.629999,-1024.809937,393.369995,8.440000,-0.003099,0.000661,0.979977,0.199088,0.000300,-0.000100,-2.391600
199,True,True,-1.000000,1.000000,-354.829987,-663.459961,18.629999,-1018.190002,414.149994,8.440000,-0.003094,0.000688,0.977944,0.208841,0.000300,-0.000100,-2.391700
200,True,True,-1.000000,1.000000,-363.309998,-660.010010,18.629999,-1011.130005,434.809998,8.440000,-0.003089,0.000715,0.975814,0.218579,0.000300,-0.000100,-2.391800
201,True,True,-1.000000,1.000000,-371.739990,-656.390015,18.629999,-1003.630005,455.349976,8.440000,-0.003083,0.000742,0.973587,0.228295,0.000300,-0.000100,-2.391900
202,True,True,-1.000000,1.000000,-380.100006,-652.599976,18.629999,-995.699951,475.759979,8.440000,-0.003078,0.000769,0.971264,0.237984,0.000300,-0.000100,-2.391900
203,True,True,-1.000000,1.000000,-388.399994,-648.640015,18.629999,-987.339966,496.029999,8.440000,-0.003072,0.000796,0.968844,0.247652,0.000200,-0.000100,-2.391900
204,True,True,-1.000000,1.000000,-396.630005,-644.510010,18.629999,-978.549988,516.149963,8.440000,-0.003067,0.000828,0.966327,0.257298,0.000200,0.000000,-2.391900
205,True,True,-1.000000,1.000000,-404.779999,-640.209961,18.629999,-969.339966,536.109985,8.440000,-0.003056,0.000860,0.963714,0.266917,0.000200,0.000000,-2.391900
206,True,True,-1.000000,1.000000,-412.859985,-635.739990,18.629999,-959.699951,555.899963,8.440000,-0.003045,0.000887,0.961006,0.276509,0.000200,0.000000,-2.391900
207,True,True,-1.000000,1.000000,-420.859985,-631.109985,18.629999,-949.649963,575.510010,8.440000,-0.003035,0.000914,0.958202,0.286074,0.000100,0.000000,-2.391900
208,True,True,-1.000000,1.000000,-428.769989,-626.309998,18.629999,-939.179993,594.940002,8.440000,-0.003024,0.000947,0.955305,0.295606,0.000000,0.000000,-2.391900
209,True,True,-1.000000,1.000000,-436.599976,-621.349976,18.629999,-928.299988,614.169983,8.440000,-0.003013,0.000979,0.952311,0.305112,0.000000,0.000000,-2.391900
210,True,True,-1.000000,1.000000,-444.339996,-616.229980,18.629999,-917.010010,633.190002,8.440000,-0.003002,0.001012,0.949224,0.314585,0.000000,0.000000,-2.391900
211,True,True,-1.000000,1.000000,-451.979980,-610.950012,18.629999,-905.320007,652.000000,8.440000,-0.002991,0.001044,0.946041,0.324032,0.000000,0.000000,-2.391900
212,True,True,-1.000000,1.000000,-459.519989,-605.519958,18.629999,-893.229980,670.589966,8.440000,-0.002981,0.001076,0.942764,0.333446,0.000000,-0.000100,-2.391900
213,True,True,-1.000000,1.000000,-466.959991,-599.929993,18.629999,-880.750000,688.950012,8.440000,-0.002970,0.001103,0.939393,0.342827,0.000000,-0.000100,-2.391900
214,True,True,-1.000000,1.000000,-474.299988,-594.190002,18.629999,-867.880005,707.070007,8.440000,-0.002959,0.001130,0.935930,0.352171,0.000000,-0.000100,-2.391900
215,True,True,-1.000000,1.000000,-481.529999,-588.299988,18.629999,-854.630005,724.940002,8.440000,-0.002948,0.001157,0.932374,0.361482,0.000000,-0.000100,-2.391800
216,True,True,-1.000000,1.000000,-488.649994,-582.260010,18.629999,-841.000000,742.549988,8.440000,-0.002937,0.001184,0.928725,0.370756,0.000000,-0.000100,-2.391700
217,True,True,-1.000000,1.000000,-495.660004,-576.070007,18.629999,-826.989990,759.899963,8.440000,-0.002927,0.001211,0.924984,0.379992,0.000000,-0.000100,-2.391600
218,True,True,-1.000000,1.000000,-502.549988,-569.739990,18.629999,-812.609985,776.979980,8.440000,-0.002916,0.001238,0.921152,0.389190,0.000000,-0.000100,-2.391500
219,True,True,-1.000000,1.000000,-509.319977,-563.269958,18.629999,-797.869995,793.779968,8.440000,-0.002905,0.001265,0.917228,0.398351,0.000000,-0.000100,-2.391400
220,True,True,-1.000000,1.000000,-515.969971,-556.659973,18.629999,-782.769958,810.289978,8.440000,-0.002894,0.001292,0.913214,0.407468,0.000000,-0.000100,-2.391300
221,True,True,-1.000000,1.000000,-522.489990,-549.909973,18.629999,-767.329956,826.500000,8.440000,-0.002884,0.001319,0.909108,0.416547,0.000000,0.000000,-2.391200
222,True,True,-1.000000,1.000000,-528.880005,-543.019958,18.629999,-751.539978,842.409973,8.440000,-0.002873,0.001346,0.904913,0.425584,0.000000,0.000000,-2.391100
223,True,True,-1.000000,1.000000,-535.140015,-536.000000,18.629999,-735.409973,858.010010,8.440000,-0.002857,0.001373,0.900629,0.434577,0.000000,0.000000,-2.391000
224,True,True,-1.000000,1.000000,-541.269958,-528.849976,18.629999,-718.950012,873.289978,8.440000,-0.002840,0.001400,0.896255,0.443527,0.000000,0.000000,-2.390900
225,True,True,-1.000000,1.000000,-547.260010,-521.570007,18.629999,-702.169983,888.239990,8.440000,-0.002824,0.001427,0.891792,0.452434,0.000000,0.000000,-2.390800
226,True,True,-1.000000,1.000000,-553.109985,-514.169983,18.629999,-685.070007,902.859985,8.440000,-0.002808,0.001454,0.887240,0.461297,0.000000,0.000000,-2.390700
227,True,True,-1.000000,1.000000,-558.820007,-506.649994,18.629999,-667.649963,917.139954,8.440000,-0.002792,0.001481,0.882601,0.470112,-0.000100,0.000000,-2.390600
228,True,True,-1.000000,1.000000,-564.380005,-499.009979,18.629999,-649.929993,931.079956,8.440000,-0.002776,0.001508,0.877875,0.478879,-0.000100,0.000000,-2.390500
229,True,True,-1.000000,1.000000,-569.799988,-491.250000,18.629999,-631.909973,944.669983,8.440000,-0.002759,0.001535,0.873063,0.487597,-0.000100,0.000000,-2.390400
230,True,True,-1.000000,1.000000,-575.070007,-483.379974,18.629999,-613.599976,957.899963,8.440000,-0.002743,0.001562,0.868164,0.496266,-0.000200,0.000000,-2.390300
231,True,True,-1.000000,1.000000,-580.179993,-475.399994,18.629999,-595.010010,970.759949,8.440000,-0.002727,0.001589,0.863179,0.504887,-0.000200,0.000000,-2.390200
232,True,True,-1.000000,1.000000,-585.140015,-467.309998,18.629999,-576.149963,983.250000,8.440000,-0.002711,0.001616,0.858108,0.513460,-0.000200,0.000000,-2.390100
233,True,True,-1.000000,1.000000,-589.940002,-459.119995,18.629999,-557.019958,995.369995,8.440000,-0.002695,0.001643,0.852953,0.521978,-0.000200,0.000000,-2.390000
234,True,True,-1.000000,1.000000,-594.580017,-450.829987,18.629999,-537.630005,1007.099976,8.440000,-0.002679,0.001670,0.847712,0.530448,-0.000200,0.000000,-2.389900
235,True,True,-1.000000,1.000000,-599.059998,-442.440002,18.629999,-517.989990,1018.449951,8.440000,-0.002662,0.001697,0.842387,0.538864,-0.000200,0.000000,-2.389800
236,True,True,-1.000000,1.000000,-603.380005,-433.949982,18.629999,-498.109985,1029.400024,8.440000,-0.002646,0.001724,0.836979,0.547226,-0.000200,0.000000,-2.389700
237,True,True,-1.000000,1.000000,-607.529968,-425.369995,18.629999,-477.989990,1039.959961,8.440000,-0.002630,0.001751,0.831488,0.555534,-0.000200,0.000000,-2.389500
238,True,True,-1.000000,1.000000,-611.510010,-416.699982,18.629999,-457.639984,1050.109985,8.440000,-0.002614,0.001778,0.825917,0.563783,-0.000200,0.000000,-2.389400
239,True,True,-1.000000,1.000000,-615.320007,-407.949982,18.629999,-437.069977,1059.849976,8.440000,-0.002598,0.001805,0.820263,0.571977,-0.000200,0.000000,-2.389200
240,True,True,-1.000000,1.000000,-618.959961,-399.119995,18.629999,-416.289978,1069.179932,8.440000,-0.002581,0.001832,0.814530,0.580113,-0.000200,0.000000,-2.389100
241,True,True,-1.000000,1.000000,-622.429993,-390.209991,18.629999,-395.309998,1078.089966,8.440000,-0.002565,0.001859,0.808713,0.588194,-0.000200,0.000000,-2.389000
242,True,True,-1.000000,1.000000,-625.719971,-381.229980,18.629999,-374.139984,1086.579956,8.440000,-0.002549,0.001885,0.802817,0.596216,-0.000100,0.000000,-2.388800
243,True,True,-1.000000,1.000000,-628.839966,-372.179993,18.629999,-352.779999,1094.650024,8.440000,-0.002533,0.001912,0.796842,0.604179,0.000000,0.000000,-2.388700
244,True,True,-1.000000,1.000000,-631.779968,-363.059998,18.629999,-331.250000,1102.289917,8.440000,-0.002511,0.001939,0.790792,0.612077,0.000000,0.000000,-2.388500
245,True,True,-1.000000,1.000000,-634.539978,-353.869995,18.629999,-309.549988,1109.489990,8.440000,-0.002490,0.001966,0.784662,0.619916,0.000000,0.000000,-2.388300
246,True,True,-1.000000,1.000000,-637.119995,-344.619995,18.629999,-287.699982,1116.260010,8.440000,-0.002468,0.001993,0.778453,0.627695,0.000000,0.000000,-2.388200
247,True,True,-1.000000,1.000000,-639.519958,-335.320007,18.629999,-265.699982,1122.589966,8.440000,-0.002447,0.002020,0.772169,0.635410,0.000000,0.000000,-2.388000
248,True,True,-1.000000,1.000000,-641.729980,-325.970001,18.629999,-243.559998,1128.469971,8.440000,-0.002425,0.002047,0.765810,0.643059,0.000000,0.000000,-2.387800
249,True,True,-1.000000,1.000000,-643.760010,-316.570007,18.629999,-221.289993,1133.910034,8.440000,-0.002403,0.002069,0.759376,0.650645,0.000000,0.000000,-2.387600
250,True,True,-1.000000,1.000000,-645.599976,-307.119995,18.629999,-198.899994,1138.900024,8.440000,-0.002382,0.002090,0.752867,0.658165,0.000000,0.000000,-2.387400
251,True,True,-1.000000,1.000000,-647.260010,-297.630005,18.629999,-176.389999,1143.439941,8.440000,-0.002360,0.002112,0.746284,0.665621,0.000000,0.000000,-2.387300
252,True,True,-1.000000,1.000000,-648.729980,-288.100006,18.629999,-153.779999,1147.520020,8.440000,-0.002339,0.002134,0.739625,0.673011,0.000000,0.000000,-2.387100
253,True,True,-1.000000,1.000000,-650.010010,-278.540009,18.629999,-131.080002,1151.150024,8.440000,-0.002317,0.002155,0.732897,0.680332,0.000000,0.000000,-2.386900
254,True,True,-1.000000,1.000000,-651.099976,-268.949982,18.629999,-108.299995,1154.319946,8.440000,-0.002295,0.002177,0.726094,0.687588,0.000000,0.000000,-2.386700
255,True,True,-1.000000,1.000000,-652.000000,-259.329987,18.629999,-85.439995,1157.030029,8.440000,-0.002274,0.002198,0.719221,0.694774,0.000000,0.000000,-2.386500
256,True,True,-1.000000,1.000000,-652.709961,-249.689987,18.629999,-62.520000,1159.280029,8.440000,-0.002252,0.002220,0.712278,0.701890,-0.000100,0.000000,-2.386300
257,True,True,-1.000000,1.000000,-653.229980,-240.029999,18.629999,-39.540001,1161.069946,8.440000,-0.002231,0.002242,0.705262,0.708940,-0.000100,0.000000,-2.386100
258,True,True,-1.000000,1.000000,-653.559998,-230.349991,18.629999,-16.520000,1162.390015,8.440000,-0.002209,0.002263,0.698178,0.715917,-0.000100,0.000000,-2.386000
259,True,True,-1.000000,1.000000,-653.700012,-220.659988,18.629999,6.530000,1163.250000,8.440000,-0.002188,0.002285,0.691025,0.722824,-0.000100,0.000000,-2.385800
260,True,True,-1.000000,1.000000,-653.649963,-210.970001,18.629999,29.609999,1163.640015,8.440000,-0.002166,0.002306,0.683807,0.729656,-0.000100,0.000000,-2.385600
261,True,True,-1.000000,1.000000,-653.399963,-201.269989,18.629999,52.699997,1163.559937,8.440000,-0.002144,0.002328,0.676518,0.736419,-0.000100,0.000000,-2.385500
262,True,True,-1.000000,1.000000,-652.959961,-191.569992,18.629999,75.799995,1163.020020,8.440000,-0.002123,0.002349,0.669165,0.743107,-0.000100,0.000000,-2.385300
263,True,True,-1.000000,1.000000,-652.329956,-181.879990,18.629999,98.900002,1162.010010,8.440000,-0.002101,0.002371,0.661747,0.749720,-0.000100,0.000000,-2.385100
264,True,True,-1.000000,1.000000,-651.510010,-172.199997,18.629999,121.989998,1160.530029,8.440000,-0.002080,0.002393,0.654265,0.756259,-0.000100,0.000000,-2.385000
265,True,True,-1.000000,1.000000,-650.489990,-162.529999,18.629999,145.059998,1158.589966,8.440000,-0.002058,0.002414,0.646717,0.762723,0.000000,0.000000,-2.384800
266,True,True,-1.000000,1.000000,-649.279968,-152.879990,18.629999,168.099991,1156.179932,8.440000,-0.002037,0.002436,0.639105,0.769113,0.000000,0.000000,-2.384700
267,True,True,-1.000000,1.000000,-647.880005,-143.250000,18.629999,191.099991,1153.299927,8.440000,-0.002010,0.002457,0.631434,0.775423,0.000000,0.000000,-2.384500
268,True,True,-1.000000,1.000000,-646.289978,-133.639999,18.629999,214.049988,1149.959961,8.440000,-0.001983,0.002479,0.623697,0.781659,0.000000,0.000000,-2.384400
269,True,True,-1.000000,1.000000,-644.510010,-124.059998,18.629999,236.939987,1146.150024,8.440000,-0.001956,0.002500,0.615902,0.787816,0.000000,0.000000,-2.384200
270,True,True,-1.000000,1.000000,-642.539978,-114.509995,18.629999,259.759979,1141.880005,8.440000,-0.001929,0.002522,0.608047,0.793894,0.000000,0.000000,-2.384000
271,True,True,-1.000000,1.000000,-640.380005,-104.989998,18.629999,282.500000,1137.150024,8.440000,-0.001902,0.002544,0.600133,0.799894,0.000000,0.000000,-2.383800
272,True,True,-1.000000,1.000000,-638.029968,-95.509995,18.629999,305.149994,1131.959961,8.440000,-0.001875,0.002560,0.592159,0.805815,0.000000,0.000000,-2.383600
273,True,True,-1.000000,1.000000,-635.489990,-86.080002,18.629999,327.699982,1126.309937,8.440000,-0.001848,0.002576,0.584126,0.811656,0.000000,0.000000,-2.383400
274,True,True,-1.000000,1.000000,-632.760010,-76.689995,18.629999,350.149994,1120.209961,8.440000,-0.001821,0.002592,0.576040,0.817416,0.000000,0.000000,-2.383300
275,True,True,-1.000000,1.000000,-629.839966,-67.349998,18.629999,372.479980,1113.650024,8.440000,-0.001794,0.002608,0.567894,0.823096,0.000000,0.000000,-2.383100
276,True,True,-1.000000,1.000000,-626.739990,-58.070000,18.629999,394.690002,1106.640015,8.440000,-0.001767,0.002625,0.559693,0.828694,0.000000,0.000000,-2.382900
277,True,True,-1.000000,1.000000,-623.450012,-48.849998,18.629999,416.759979,1099.179932,8.440000,-0.001740,0.002641,0.551439,0.834209,-0.000100,0.000000,-2.382700
278,True,True,-1.000000,1.000000,-619.979980,-39.689999,18.629999,438.690002,1091.280029,8.440000,-0.001713,0.002657,0.543131,0.839642,-0.000100,0.000000,-2.382500
279,True,True,-1.000000,1.000000,-616.320007,-30.599998,18.629999,460.459991,1082.929932,8.440000,-0.001686,0.002673,0.534769,0.844992,-0.000100,0.000000,-2.382300
280,True,True,-1.000000,1.000000,-612.479980,-21.580000,18.629999,482.069977,1074.140015,8.440000,-0.001659,0.002689,0.526353,0.850260,-0.000100,0.000000,-2.382100
281,True,True,-1.000000,1.000000,-608.459961,-12.630000,18.629999,503.509979,1064.919922,8.440000,-0.001632,0.002705,0.517889,0.855442,-0.000100,0.000000,-2.382000
282,True,True,-1.000000,1.000000,-604.260010,-3.760000,18.629999,524.769958,1055.260010,8.440000,-0.001605,0.002722,0.509370,0.860541,-0.000100,0.000000,-2.381800
283,True,True,-1.000000,1.000000,-599.890015,5.030000,18.629999,545.839966,1045.169922,8.440000,-0.001578,0.002738,0.500804,0.865555,-0.000100,0.000000,-2.381600
284,True,True,-1.000000,1.000000,-595.339966,13.740000,18.629999,566.719971,1034.660034,8.440000,-0.001551,0.002754,0.492188,0.870483,-0.000100,0.000000,-2.381500
285,True,True,-1.000000,1.000000,-590.619995,22.359999,18.629999,587.390015,1023.719971,8.440000,-0.001524,0.002770,0.483524,0.875325,-0.000100,0.000000,-2.381300
286,True,True,-1.000000,1.000000,-585.729980,30.889999,18.629999,607.839966,1012.369995,8.440000,-0.001497,0.002786,0.474817,0.880079,-0.000100,0.000000,-2.381100
287,True,True,-1.000000,1.000000,-580.659973,39.329998,18.629999,628.070007,1000.599976,8.440000,-0.001470,0.002803,0.466061,0.884747,-0.000100,0.000000,-2.381000
288,True,True,-1.000000,1.000000,-575.429993,47.669998,18.629999,648.070007,988.419983,8.440000,-0.001443,0.002819,0.457262,0.889326,-0.000100,0.000000,-2.380800
289,True,True,-1.000000,1.000000,-570.029968,55.910000,18.629999,667.829956,975.839966,8.440000,-0.001416,0.002835,0.448420,0.893817,-0.000100,0.000000,-2.380700
290,True,True,-1.000000,1.000000,-564.459961,64.040001,18.629999,687.339966,962.859985,8.440000,-0.001389,0.002851,0.439529,0.898223,-0.000100,0.000000,-2.380500
291,True,True,-1.000000,1.000000,-558.729980,72.059998,18.629999,706.589966,949.489990,8.440000,-0.001362,0.002867,0.430601,0.902537,-0.000100,0.000000,-2.380400
292,True,True,-1.000000,1.000000,-552.839966,79.970001,18.629999,725.579956,935.729980,8.440000,-0.001335,0.002884,0.421629,0.906763,0.000000,0.000000,-2.380200
293,True,True,-1.000000,1.000000,-546.789978,87.769997,18.629999,744.289978,921.589966,8.440000,-0.001308,0.002894,0.412614,0.910900,0.000000,0.000000,-2.380100
294,True,True,-1.000000,1.000000,-540.589966,95.449997,18.629999,762.729980,907.070007,8.440000,-0.001281,0.002905,0.403562,0.914947,0.000000,0.000000,-2.379900
295,True,True,-1.000000,1.000000,-534.229980,103.009995,18.629999,780.880005,892.179993,8.440000,-0.001254,0.002916,0.394472,0.918903,0.000000,0.000000,-2.379700
296,True,True,-1.000000,1.000000,-527.719971,110.439995,18.629999,798.729980,876.919983,8.440000,-0.001227,0.002927,0.385344,0.922768,0.000000,0.000000,-2.379500
297,True,True,-1.000000,1.000000,-521.059998,117.750000,18.629999,816.279968,861.299988,8.440000,-0.001200,0.002937,0.376178,0.926542,0.000000,0.000000,-2.379400
298,True,True,-1.000000,1.000000,-514.260010,124.930000,18.629999,833.519958,845.329956,8.440000,-0.001173,0.002948,0.366974,0.930226,0.000000,0.000000,-2.379200
299,True,True,-1.000000,1.000000,-507.309998,131.970001,18.629999,850.440002,829.010010,8.440000,-0.001146,0.002959,0.357733,0.933818,0.000000,0.000000,-2.379100
300,True,True,-1.000000,1.000000,-500.220001,138.879990,18.629999,867.039978,812.349976,8.440000,-0.001119,0.002970,0.348459,0.937319,0.000000,0.000000,-2.378900
301,True,True,-1.000000,1.000000,-492.989990,145.649994,18.629999,883.309998,795.349976,8.440000,-0.001092,0.002981,0.339153,0.940726,0.000000,0.000000,-2.378700
302,True,True,-1.000000,1.000000,-485.629974,152.279999,18.629999,899.239990,778.019958,8.440000,-0.001065,0.002991,0.329815,0.944040,0.000000,0.000000,-2.378600
303,True,True,-1.000000,1.000000,-478.139984,158.759995,18.629999,914.820007,760.369995,8.440000,-0.001033,0.003002,0.320444,0.947262,0.000000,0.000000,-2.378400
304,True,True,-1.000000,1.000000,-470.519989,165.099991,18.629999,930.049988,742.409973,8.440000,-0.001001,0.003013,0.311041,0.950391,0.000000,0.000000,-2.378200
305,True,True,-1.000000,1.000000,-462.769989,171.289993,18.629999,944.929993,724.139954,8.440000,-0.000968,0.003024,0.301611,0.953426,0.000000,0.000000,-2.378100
306,True,True,-1.000000,1.000000,-454.899994,177.319992,18.629999,959.440002,705.570007,8.440000,-0.000936,0.003035,0.292148,0.956368,0.000000,0.000000,-2.377900
307,True,True,-1.000000,1.000000,-446.899994,183.199997,18.629999,973.579956,686.709961,8.440000,-0.000904,0.003045,0.282659,0.959215,0.000000,0.000000,-2.377800
308,True,True,-1.000000,1.000000,-438.789978,188.919998,18.629999,987.349976,667.559998,8.440000,-0.000871,0.003056,0.273142,0.961968,0.000000,0.000000,-2.377700
309,True,True,-1.000000,1.000000,-430.559998,194.479996,18.629999,1000.739990,648.140015,8.440000,-0.000839,0.003067,0.263599,0.964627,0.000000,0.000000,-2.377500
310,True,True,-1.000000,1.000000,-422.220001,199.879990,18.629999,1013.739990,628.450012,8.440000,-0.000807,0.003078,0.254028,0.967191,0.000000,0.000000,-2.377400
311,True,True,-1.000000,1.000000,-413.769989,205.119995,18.629999,1026.349976,608.489990,8.440000,-0.000774,0.003083,0.244436,0.969660,0.000000,0.000000,-2.377200
312,True,True,-1.000000,1.000000,-405.220001,210.190002,18.629999,1038.559937,588.279968,8.440000,-0.000742,0.003089,0.234818,0.972034,0.000000,0.000000,-2.377000
313,True,True,-1.000000,1.000000,-396.569977,215.089996,18.629999,1050.369995,567.820007,8.440000,-0.000709,0.003094,0.225177,0.974313,0.000000,0.000000,-2.376900
314,True,True,-1.000000,1.000000,-387.819977,219.819992,18.629999,1061.770020,547.119995,8.440000,-0.000677,0.003099,0.215515,0.976495,0.000000,0.000000,-2.376700
315,True,True,-1.000000,1.000000,-378.970001,224.379990,18.629999,1072.760010,526.190002,8.440000,-0.000645,0.003105,0.205837,0.978581,0.000000,0.000000,-2.376500
316,True,True,-1.000000,1.000000,-370.029999,228.759995,18.629999,1083.329956,505.039978,8.440000,-0.000612,0.003110,0.196137,0.980571,0.000000,0.000000,-2.376400
317,True,True,-1.000000,1.000000,-361.000000,232.970001,18.629999,1093.479980,483.679993,8.440000,-0.000580,0.003115,0.186421,0.982465,0.000000,0.000000,-2.376200
318,True,True,-1.000000,1.000000,-351.889984,237.000000,18.629999,1103.199951,462.119995,8.440000,-0.000548,0.003121,0.176683,0.984263,0.000000,0.000000,-2.376100
319,True,True,-1.000000,1.000000,-342.699982,240.849991,18.629999,1112.489990,440.359985,8.440000,-0.000515,0.003126,0.166929,0.985964,0.000000,0.000000,-2.375900
320,True,True,-1.000000,1.000000,-333.429993,244.519989,18.629999,1121.349976,418.410004,8.440000,-0.000483,0.003132,0.157159,0.987568,0.000000,0.000000,-2.375800
321,True,True,-1.000000,1.000000,-324.089996,248.009995,18.629999,1129.770020,396.279999,8.440000,-0.000450,0.003137,0.147373,0.989076,-0.000100,0.000000,-2.375700
322,True,True,-1.000000,1.000000,-314.679993,251.309998,18.629999,1137.750000,373.979980,8.440000,-0.000418,0.003142,0.137576,0.990486,-0.000100,0.000000,-2.375500
323,True,True,-1.000000,1.000000,-305.199982,254.429993,18.629999,1145.289917,351.519989,8.440000,-0.000386,0.003148,0.127768,0.991799,-0.000100,0.000000,-2.375400
324,True,True,-1.000000,1.000000,-295.660004,257.359985,18.629999,1152.380005,328.910004,8.440000,-0.000353,0.003153,0.117944,0.993015,-0.000100,0.000000,-2.375300
325,True,True,-1.000000,1.000000,-286.059998,260.100006,18.629999,1159.020020,306.160004,8.440000,-0.000321,0.003159,0.108109,0.994134,-0.000100,0.000000,-2.375100
326,True,True,-1.000000,1.000000,-276.399994,262.649994,18.629999,1165.209961,283.269989,8.440000,-0.000289,0.003164,0.098264,0.995155,-0.000200,0.000000,-2.375000
327,True,True,-1.000000,1.000000,-266.690002,265.009979,18.629999,1170.939941,260.259979,8.440000,-0.000256,0.003169,0.088413,0.996079,-0.000200,0.000000,-2.374900
328,True,True,-1.000000,1.000000,-256.929993,267.179993,18.629999,1176.209961,237.129990,8.440000,-0.000224,0.003169,0.078551,0.996905,-0.000200,0.000000,-2.374800
329,True,True,-1.000000,1.000000,-247.129990,269.160004,18.629999,1181.020020,213.899994,8.440000,-0.000192,0.003169,0.068684,0.997633,-0.000200,0.000000,-2.374600
330,True,True,-1.000000,1.000000,-237.289993,270.940002,18.629999,1185.369995,190.569992,8.440000,-0.000159,0.003169,0.058812,0.998264,-0.000300,0.000000,-2.374400
331,True,True,-1.000000,1.000000,-227.409988,272.529999,18.629999,1189.250000,167.149994,8.440000,-0.000127,0.003169,0.048934,0.998797,-0.000300,0.000000,-2.374300
332,True,True,-1.000000,1.000000,-217.500000,273.919983,18.629999,1192.669922,143.660004,8.440000,-0.000094,0.003169,0.039050,0.999232,-0.000300,0.000000,-2.374100
333,True,True,-1.000000,1.000000,-207.559998,275.119995,18.629999,1195.619995,120.099998,8.440000,-0.000062,0.003169,0.029162,0.999570,-0.000300,0.000000,-2.374000
334,True,True,-1.000000,1.000000,-197.599991,276.119995,18.629999,1198.099976,96.470001,8.440000,-0.000030,0.003169,0.019273,0.999809,-0.000400,0.000000,-2.373900
335,True,True,-1.000000,1.000000,-187.619995,276.919983,18.629999,1200.109985,72.790001,8.440000,0.000003,0.003169,0.009384,0.999951,-0.000400,0.000000,-2.373700
336,True,True,-1.000000,1.000000,-177.619995,277.529999,18.629999,1201.650024,49.079998,8.440000,0.000035,0.003169,-0.000504,0.999995,-0.000400,0.000000,-2.373600
337,True,True,-1.000000,1.000000,-167.610001,277.940002,18.629999,1202.719971,25.330000,8.440000,0.000067,0.003169,-0.010393,0.999941,-0.000400,0.000000,-2.373500
338,True,True,-1.000000,1.000000,-157.589996,278.149994,18.629999,1203.319946,1.560000,8.440000,0.000100,0.003169,-0.020282,0.999789,-0.000400,0.000000,-2.373300
339,True,True,-1.000000,1.000000,-147.559998,278.160004,18.629999,1203.439941,-22.209999,8.440000,0.000132,0.003169,-0.030165,0.999540,-0.000400,0.000000,-2.373200
340,True,True,-1.000000,1.000000,-137.529999,277.970001,18.629999,1203.089966,-45.980000,8.440000,0.000165,0.003169,-0.040048,0.999193,-0.000500,0.000000,-2.373100
341,True,True,-1.000000,1.000000,-127.500000,277.589996,18.629999,1202.270020,-69.750000,8.440000,0.000192,0.003169,-0.049926,0.998748,-0.000500,0.000000,-2.373000
342,True,True,-1.000000,1.000000,-117.479996,277.009979,18.629999,1200.969971,-93.509995,8.440000,0.000218,0.003169,-0.059799,0.998205,-0.000500,0.000000,-2.372900
343,True,True,-1.000000,1.000000,-107.470001,276.229980,18.629999,1199.199951,-117.239998,8.440000,0.000245,0.003169,-0.069666,0.997565,-0.000500,0.000000,-2.372800
344,True,True,-1.000000,1.000000,-97.479996,275.250000,18.629999,1196.959961,-140.940002,8.440000,0.000272,0.003169,-0.079522,0.996828,-0.000500,0.000000,-2.372700
345,True,True,-1.000000,1.000000,-87.509995,274.079987,18.629999,1194.239990,-164.589996,8.440000,0.000299,0.003164,-0.089373,0.995993,-0.000400,0.000000,-2.372600
346,True,True,-1.000000,1.000000,-77.559998,272.709991,18.629999,1191.049927,-188.190002,8.440000,0.000326,0.003159,-0.099213,0.995061,-0.000300,0.000000,-2.372500
347,True,True,-1.000000,1.000000,-67.629997,271.139984,18.629999,1187.390015,-211.729996,8.440000,0.000359,0.003153,-0.109043,0.994032,-0.000200,0.000000,-2.372400
348,True,True,-1.000000,1.000000,-57.739998,269.380005,18.629999,1183.270020,-235.199997,8.440000,0.000391,0.003148,-0.118861,0.992906,-0.000200,0.000000,-2.372200
349,True,True,-1.000000,1.000000,-47.879997,267.419983,18.629999,1178.679932,-258.579987,8.440000,0.000423,0.003142,-0.128669,0.991682,-0.000200,0.000000,-2.372100
350,True,True,-1.000000,1.000000,-38.059998,265.269989,18.629999,1173.619995,-281.869995,8.440000,0.000456,0.003137,-0.138466,0.990362,-0.000200,0.000000,-2.372000
351,True,True,-1.000000,1.000000,-28.279999,262.919983,18.629999,1168.099976,-305.059998,8.440000,0.000488,0.003132,-0.148247,0.988945,-0.000200,0.000000,-2.371900
352,True,True,-1.000000,1.000000,-18.549999,260.380005,18.629999,1162.119995,-328.139984,8.440000,0.000521,0.003126,-0.158011,0.987432,-0.000200,0.000000,-2.371800
353,True,True,-1.000000,1.000000,-8.870000,257.649994,18.629999,1155.679932,-351.109985,8.440000,0.000553,0.003121,-0.167760,0.985823,-0.000200,0.000100,-2.371600
354,True,True,-1.000000,1.000000,0.760000,254.720001,18.629999,1148.780029,-373.949982,8.440000,0.000585,0.003115,-0.177492,0.984117,-0.000200,0.000100,-2.371500
355,True,True,-1.000000,1.000000,10.330000,251.599991,18.629999,1141.429932,-396.649994,8.440000,0.000618,0.003110,-0.187208,0.982315,-0.000200,0.000100,-2.371400
356,True,True,-1.000000,1.000000,19.840000,248.289993,18.629999,1133.630005,-419.199982,8.440000,0.000650,0.003105,-0.196903,0.980418,-0.000200,0.000100,-2.371300
357,True,True,-1.000000,1.000000,29.289999,244.799988,18.629999,1125.380005,-441.599976,8.440000,0.000682,0.003099,-0.206581,0.978424,-0.000200,0.000100,-2.371200
358,True,True,-1.000000,1.000000,38.669998,241.119995,18.629999,1116.689941,-463.829987,8.440000,0.000715,0.003094,-0.216238,0.976336,-0.000200,0.000100,-2.371100
359,True,True,-1.000000,1.000000,47.980000,237.250000,18.629999,1107.559937,-485.889984,8.440000,0.000742,0.003089,-0.225873,0.974152,-0.000300,0.000100,-2.371000
360,True,True,-1.000000,1.000000,57.209999,233.199997,18.629999,1097.989990,-507.769989,8.440000,0.000769,0.003083,-0.235486,0.971872,-0.000300,0.000100,-2.370900
361,True,True,-1.000000,1.000000,66.360001,228.970001,18.629999,1087.979980,-529.459961,8.440000,0.000796,0.003078,-0.245073,0.969499,-0.000300,0.000100,-2.370800
362,True,True,-1.000000,1.000000,75.430000,224.559998,18.629999,1077.539917,-550.950012,8.440000,0.000823,0.003072,-0.254638,0.967031,-0.000300,0.000100,-2.370700
363,True,True,-1.000000,1.000000,84.409996,219.970001,18.629999,1066.679932,-572.229980,8.440000,0.000850,0.003062,-0.264176,0.964469,-0.000300,0.000000,-2.370600
364,True,True,-1.000000,1.000000,93.299995,215.199997,18.629999,1055.390015,-593.299988,8.440000,0.000877,0.003051,-0.273687,0.961813,-0.000200,0.000000,-2.370500
365,True,True,-1.000000,1.000000,102.089996,210.259995,18.629999,1043.689941,-614.140015,8.440000,0.000904,0.003040,-0.283171,0.959064,-0.000100,0.000000,-2.370400
366,True,True,-1.000000,1.000000,110.790001,205.139999,18.629999,1031.569946,-634.750000,8.440000,0.000931,0.003029,-0.292628,0.956221,0.000000,0.000000,-2.370300
367,True,True,-1.000000,1.000000,119.389999,199.849991,18.629999,1019.039978,-655.119995,8.440000,0.000963,0.003018,-0.302058,0.953284,0.000000,0.000000,-2.370100
368,True,True,-1.000000,1.000000,127.879997,194.389999,18.629999,1006.109985,-675.239990,8.440000,0.000995,0.003008,-0.311456,0.950255,0.000000,0.000000,-2.370000
369,True,True,-1.000000,1.000000,136.259995,188.759995,18.629999,992.779968,-695.099976,8.440000,0.001028,0.002997,-0.320827,0.947132,0.000000,0.000000,-2.369900
370,True,True,-1.000000,1.000000,144.529999,182.970001,18.629999,979.059998,-714.690002,8.440000,0.001055,0.002986,-0.330166,0.943918,0.000000,0.000000,-2.369800
371,True,True,-1.000000,1.000000,152.690002,177.009995,18.629999,964.949951,-734.010010,8.440000,0.001082,0.002975,-0.339472,0.940611,0.000000,0.000000,-2.369700
372,True,True,-1.000000,1.000000,160.729996,170.889999,18.629999,950.459961,-753.049988,8.440000,0.001109,0.002964,-0.348740,0.937214,0.000000,0.000000,-2.369600
373,True,True,-1.000000,1.000000,168.649994,164.610001,18.629999,935.589966,-771.799988,8.440000,0.001136,0.002954,-0.357976,0.933725,0.000000,0.000000,-2.369500
374,True,True,-1.000000,1.000000,176.449997,158.179993,18.629999,920.349976,-790.260010,8.440000,0.001163,0.002943,-0.367179,0.930145,0.000000,0.000000,-2.369400
375,True,True,-1.000000,1.000000,184.119995,151.589996,18.629999,904.739990,-808.419983,8.440000,0.001190,0.002932,-0.376345,0.926474,0.000000,0.000000,-2.369300
376,True,True,-1.000000,1.000000,191.659988,144.849991,18.629999,888.769958,-826.269958,8.440000,0.001217,0.002921,-0.385473,0.922714,0.000000,0.000000,-2.369200
377,True,True,-1.000000,1.000000,199.069992,137.959991,18.629999,872.449951,-843.799988,8.440000,0.001244,0.002910,-0.394563,0.918863,0.000000,0.000000,-2.369100
378,True,True,-1.000000,1.000000,206.339996,130.929993,18.629999,855.779968,-861.000000,8.440000,0.001270,0.002900,-0.403616,0.914923,0.000000,0.000000,-2.369000
379,True,True,-1.000000,1.000000,213.470001,123.750000,18.629999,838.769958,-877.869995,8.440000,0.001297,0.002889,-0.412625,0.910895,0.000100,0.000000,-2.368900
380,True,True,-1.000000,1.000000,220.459991,116.430000,18.629999,821.429993,-894.399963,8.440000,0.001324,0.002878,-0.421597,0.906778,0.000100,0.000000,-2.368800
381,True,True,-1.000000,1.000000,227.309998,108.979996,18.629999,803.760010,-910.589966,8.440000,0.001351,0.002867,-0.430525,0.902573,0.000100,0.000000,-2.368700
382,True,True,-1.000000,1.000000,234.009995,101.389999,18.629999,785.769958,-926.429993,8.440000,0.001378,0.002857,-0.439411,0.898281,0.000100,0.000000,-2.368600
383,True,True,-1.000000,1.000000,240.559998,93.669998,18.629999,767.469971,-941.909973,8.440000,0.001405,0.002840,-0.448253,0.893901,0.000100,0.000000,-2.368500
384,True,True,-1.000000,1.000000,246.959991,85.820000,18.629999,748.869995,-957.029968,8.440000,0.001432,0.002824,-0.457052,0.889434,0.000100,0.000000,-2.368400
385,True,True,-1.000000,1.000000,253.199997,77.839996,18.629999,729.969971,-971.779968,8.440000,0.001459,0.002808,-0.465807,0.884880,0.000100,0.000000,-2.368300
386,True,True,-1.000000,1.000000,259.279999,69.739998,18.629999,710.779968,-986.149963,8.440000,0.001486,0.002792,-0.474515,0.880242,0.000200,0.000000,-2.368200
387,True,True,-1.000000,1.000000,265.199982,61.520000,18.629999,691.309998,-1000.139954,8.440000,0.001513,0.002776,-0.483179,0.875516,0.000200,0.000000,-2.368100
388,True,True,-1.000000,1.000000,270.959991,53.189999,18.629999,671.559998,-1013.739990,8.440000,0.001540,0.002759,-0.491794,0.870706,0.000200,0.000000,-2.368000
389,True,True,-1.000000,1.000000,276.559998,44.739998,18.629999,651.539978,-1026.949951,8.440000,0.001567,0.002743,-0.500361,0.865811,0.000200,0.000000,-2.367900
390,True,True,-1.000000,1.000000,281.989990,36.180000,18.629999,631.260010,-1039.760010,8.440000,0.001594,0.002727,-0.508880,0.860832,0.000300,0.000000,-2.367800
391,True,True,-1.000000,1.000000,287.250000,27.519999,18.629999,610.729980,-1052.169922,8.440000,0.001621,0.002711,-0.517349,0.855768,0.000300,0.000000,-2.367700
392,True,True,-1.000000,1.000000,292.339996,18.750000,18.629999,589.950012,-1064.169922,8.440000,0.001648,0.002695,-0.525765,0.850624,0.000300,0.000000,-2.367600
393,True,True,-1.000000,1.000000,297.259979,9.880000,18.629999,568.940002,-1075.760010,8.440000,0.001675,0.002679,-0.534133,0.845395,0.000300,0.000000,-2.367500
394,True,True,-1.000000,1.000000,302.000000,0.920000,18.629999,547.700012,-1086.929932,8.440000,0.001702,0.002662,-0.542446,0.840085,0.000300,0.000000,-2.367400
395,True,True,-1.000000,1.000000,306.559998,-8.139999,18.629999,526.239990,-1097.679932,8.440000,0.001729,0.002646,-0.550705,0.834693,0.000300,0.000000,-2.367300
396,True,True,-1.000000,1.000000,310.949982,-17.289999,18.629999,504.569977,-1108.010010,8.440000,0.001756,0.002630,-0.558911,0.829221,0.000300,0.000000,-2.367200
397,True,True,-1.000000,1.000000,315.149994,-26.519999,18.629999,482.690002,-1117.910034,8.440000,0.001783,0.002614,-0.567063,0.823669,0.000300,0.000000,-2.367100
398,True,True,-1.000000,1.000000,319.169983,-35.840000,18.629999,460.619995,-1127.369995,8.440000,0.001810,0.002598,-0.575160,0.818035,0.000300,0.000000,-2.367000
399,True,True,-1.000000,1.000000,323.009979,-45.230000,18.629999,438.359985,-1136.400024,8.440000,0.001837,0.002581,-0.583199,0.812323,0.000200,0.000000,-2.366900
400,True,True,-1.000000,1.000000,326.660004,-54.699997,18.629999,415.929993,-1144.989990,8.440000,0.001864,0.002565,-0.591183,0.806531,0.000200,0.000000,-2.366800
401,True,True,-1.000000,1.000000,330.130005,-64.239998,18.629999,393.329987,-1153.130005,8.440000,0.001891,0.002549,-0.599108,0.800662,0.000100,0.000000,-2.366700
402,True,True,-1.000000,1.000000,333.410004,-73.849998,18.629999,370.569977,-1160.819946,8.440000,0.001918,0.002533,-0.606974,0.794716,0.000000,0.000000,-2.366600
403,True,True,-1.000000,1.000000,336.500000,-83.519997,18.629999,347.660004,-1168.059937,8.440000,0.001945,0.002511,-0.614780,0.788692,0.000000,0.000000,-2.366500
404,True,True,-1.000000,1.000000,339.399994,-93.250000,18.629999,324.609985,-1174.849976,8.440000,0.001972,0.002490,-0.622527,0.782592,0.000000,0.000000,-2.366400
405,True,True,-1.000000,1.000000,342.109985,-103.040001,18.629999,301.429993,-1181.179932,8.440000,0.001999,0.002468,-0.630214,0.776415,0.000000,0.000000,-2.366300
406,True,True,-1.000000,1.000000,344.619995,-112.879997,18.629999,278.130005,-1187.049927,8.440000,0.002026,0.002447,-0.637837,0.770164,0.000000,0.000000,-2.366200
407,True,True,-1.000000,1.000000,346.940002,-122.769997,18.629999,254.709991,-1192.459961,8.440000,0.002047,0.002425,-0.645401,0.763837,0.000000,0.000000,-2.366100
408,True,True,-1.000000,1.000000,349.059998,-132.709991,18.629999,231.190002,-1197.410034,8.440000,0.002069,0.002403,-0.652900,0.757438,0.000000,0.000000,-2.366000
409,True,True,-1.000000,1.000000,350.989990,-142.690002,18.629999,207.569992,-1201.890015,8.440000,0.002090,0.002382,-0.660334,0.750966,0.000000,0.000000,-2.365900
410,True,True,-1.000000,1.000000,352.720001,-152.709991,18.629999,183.869995,-1205.900024,8.440000,0.002112,0.002360,-0.667703,0.744421,0.000000,0.000000,-2.365800
411,True,True,-1.000000,1.000000,354.250000,-162.759995,18.629999,160.089996,-1209.449951,8.440000,0.002134,0.002339,-0.675008,0.737804,0.000000,0.000000,-2.365700
412,True,True,-1.000000,1.000000,355.579987,-172.839996,18.629999,136.239990,-1212.520020,8.440000,0.002155,0.002317,-0.682247,0.731114,0.000000,0.000000,-2.365600
413,True,True,-1.000000,1.000000,356.720001,-182.940002,18.629999,112.339996,-1215.119995,8.440000,0.002177,0.002295,-0.689422,0.724352,0.000100,0.000000,-2.365500
414,True,True,-1.000000,1.000000,357.660004,-193.069992,18.629999,88.379997,-1217.250000,8.440000,0.002198,0.002274,-0.696527,0.717523,0.000100,0.000000,-2.365400
415,True,True,-1.000000,1.000000,358.399994,-203.209991,18.629999,64.389999,-1218.909912,8.440000,0.002220,0.002252,-0.703568,0.710621,0.000100,0.000000,-2.365300
416,True,True,-1.000000,1.000000,358.940002,-213.369995,18.629999,40.360001,-1220.089966,8.440000,-0.002242,-0.002231,0.710536,-0.703654,0.000100,0.000000,-2.365200
417,True,True,-1.000000,1.000000,359.279999,-223.539993,18.629999,16.320000,-1220.799927,8.440000,-0.002263,-0.002209,0.717434,-0.696619,0.000100,0.000000,-2.365100
418,True,True,-1.000000,1.000000,359.419983,-233.709991,18.629999,-7.730000,-1221.030029,8.440000,-0.002285,-0.002188,0.724265,-0.689514,0.000100,0.000000,-2.365100
419,True,True,-1.000000,1.000000,359.359985,-243.889999,18.629999,-31.779999,-1220.789917,8.440000,-0.002306,-0.002166,0.731024,-0.682344,0.000100,0.000000,-2.365000
420,True,True,-1.000000,1.000000,359.100006,-254.059998,18.629999,-55.820000,-1220.069946,8.440000,-0.002328,-0.002144,0.737710,-0.675110,0.000100,0.000000,-2.365000
421,True,True,-1.000000,1.000000,358.630005,-264.229980,18.629999,-79.849998,-1218.880005,8.440000,-0.002349,-0.002123,0.744329,-0.667805,0.000100,0.000000,-2.364900
422,True,True,-1.000000,1.000000,357.959991,-274.389984,18.629999,-103.849998,-1217.209961,8.440000,-0.002371,-0.002101,0.750875,-0.660436,0.000100,0.000000,-2.364900
423,True,True,-1.000000,1.000000,357.089996,-284.529999,18.629999,-127.820000,-1215.069946,8.440000,-0.002393,-0.002080,0.757345,-0.653007,0.000100,0.000000,-2.364800
424,True,True,-1.000000,1.000000,356.019989,-294.660004,18.629999,-151.739990,-1212.449951,8.440000,-0.002414,-0.002058,0.763742,-0.645514,0.000000,0.000000,-2.364800
425,True,True,-1.000000,1.000000,354.759979,-304.759979,18.629999,-175.610001,-1209.359985,8.440000,-0.002436,-0.002037,0.770066,-0.637956,0.000000,0.000000,-2.364800
426,True,True,-1.000000,1.000000,353.299988,-314.839996,18.629999,-199.419998,-1205.799927,8.440000,-0.002457,-0.002015,0.776314,-0.630338,0.000000,0.000000,-2.364700
427,True,True,-1.000000,1.000000,351.639984,-324.889984,18.629999,-223.159988,-1201.770020,8.440000,-0.002479,-0.001988,0.782489,-0.622656,0.000000,0.000000,-2.364700
428,True,True,-1.000000,1.000000,349.779999,-334.899994,18.629999,-246.809998,-1197.270020,8.440000,-0.002500,-0.001961,0.788587,-0.614915,0.000000,0.000000,-2.364600
429,True,True,-1.000000,1.000000,347.720001,-344.880005,18.629999,-270.369995,-1192.299927,8.440000,-0.002522,-0.001934,0.794608,-0.607114,0.000000,0.000000,-2.364600
430,True,True,-1.000000,1.000000,345.470001,-354.820007,18.629999,-293.829987,-1186.869995,8.440000,-0.002544,-0.001907,0.800553,-0.599254,0.000000,0.000000,-2.364500
431,True,True,-1.000000,1.000000,343.019989,-364.709991,18.629999,-317.190002,-1180.969971,8.440000,-0.002560,-0.001880,0.806416,-0.591339,0.000000,0.000000,-2.364500
432,True,True,-1.000000,1.000000,340.380005,-374.549988,18.629999,-340.419983,-1174.609985,8.440000,-0.002576,-0.001853,0.812203,-0.583366,0.000000,0.000000,-2.364400
433,True,True,-1.000000,1.000000,337.539978,-384.339996,18.629999,-363.529999,-1167.789917,8.440000,-0.002592,-0.001826,0.817909,-0.575338,0.000000,0.000000,-2.364300
434,True,True,-1.000000,1.000000,334.509979,-394.069977,18.629999,-386.500000,-1160.520020,8.440000,-0.002608,-0.001799,0.823538,-0.567251,0.000000,0.000000,-2.364200
435,True,True,-1.000000,1.000000,331.289978,-403.739990,18.629999,-409.319977,-1152.799927,8.440000,-0.002625,-0.001772,0.829087,-0.559111,0.000000,0.000000,-2.364100
436,True,True,-1.000000,1.000000,327.880005,-413.349976,18.629999,-431.989990,-1144.630005,8.440000,-0.002641,-0.001745,0.834555,-0.550916,0.000000,0.000000,-2.364100
437,True,True,-1.000000,1.000000,324.279999,-422.889984,18.629999,-454.489990,-1136.010010,8.440000,-0.002657,-0.001718,0.839942,-0.542667,0.000000,0.000000,-2.364000
438,True,True,-1.000000,1.000000,320.489990,-432.359985,18.629999,-476.819977,-1126.949951,8.440000,-0.002673,-0.001691,0.845245,-0.534370,0.000000,0.000000,-2.364000
439,True,True,-1.000000,1.000000,316.519989,-441.750000,18.629999,-498.970001,-1117.449951,8.440000,-0.002689,-0.001664,0.850467,-0.526019,0.000100,0.000000,-2.363900
440,True,True,-1.000000,1.000000,312.359985,-451.059998,18.629999,-520.929993,-1107.510010,8.440000,-0.002705,-0.001637,0.855605,-0.517619,0.000100,0.000000,-2.363900
441,True,True,-1.000000,1.000000,308.019989,-460.289978,18.629999,-542.690002,-1097.140015,8.440000,-0.002722,-0.001610,0.860663,-0.509166,0.000100,0.000000,-2.363800
442,True,True,-1.000000,1.000000,303.500000,-469.429993,18.629999,-564.239990,-1086.339966,8.440000,-0.002738,-0.001583,0.865636,-0.500663,0.000100,0.000000,-2.363700
443,True,True,-1.000000,1.000000,298.799988,-478.479980,18.629999,-585.580017,-1075.119995,8.440000,-0.002754,-0.001556,0.870526,-0.492112,0.000100,0.000000,-2.363700
444,True,True,-1.000000,1.000000,293.919983,-487.440002,18.629999,-606.690002,-1063.479980,8.440000,-0.002770,-0.001529,0.875331,-0.483513,0.000100,0.000000,-2.363600
445,True,True,-1.000000,1.000000,288.859985,-496.299988,18.629999,-627.570007,-1051.419922,8.440000,-0.002786,-0.001502,0.880050,-0.474871,0.000100,0.000000,-2.363600
446,True,True,-1.000000,1.000000,283.630005,-505.059998,18.629999,-648.209961,-1038.949951,8.440000,-0.002803,-0.001475,0.884684,-0.466180,0.000100,0.000000,-2.363500
447,True,True,-1.000000,1.000000,278.229980,-513.719971,18.629999,-668.599976,-1026.069946,8.440000,-0.002819,-0.001449,0.889232,-0.457445,0.000100,0.000000,-2.363500
448,True,True,-1.000000,1.000000,272.660004,-522.269958,18.629999,-688.729980,-1012.789978,8.440000,-0.002835,-0.001422,0.893693,-0.448668,0.000100,0.000000,-2.363500
449,True,True,-1.000000,1.000000,266.919983,-530.709961,18.629999,-708.599976,-999.119995,8.440000,-0.002851,-0.001395,0.898067,-0.439847,0.000100,0.000000,-2.363400
450,True,True,-1.000000,1.000000,261.009979,-539.039978,18.629999,-728.200012,-985.059998,8.440000,-0.002867,-0.001368,0.902354,-0.430984,0.000000,0.000000,-2.363400
451,True,True,-1.000000,1.000000,254.939987,-547.250000,18.629999,-747.510010,-970.609985,8.440000,-0.002878,-0.001341,0.906554,-0.422077,0.000000,0.000000,-2.363400
452,True,True,-1.000000,1.000000,248.709991,-555.339966,18.629999,-766.539978,-955.789978,8.440000,-0.002889,-0.001314,0.910668,-0.413127,0.000000,0.000000,-2.363300
453,True,True,-1.000000,1.000000,242.319992,-563.299988,18.629999,-785.269958,-940.589966,8.440000,-0.002900,-0.001287,0.914692,-0.404139,0.000000,0.000000,-2.363200
454,True,True,-1.000000,1.000000,235.779999,-571.140015,18.629999,-803.700012,-925.019958,8.440000,-0.002910,-0.001260,0.918627,-0.395114,0.000000,0.000000,-2.363200
455,True,True,-1.000000,1.000000,229.080002,-578.849976,18.629999,-821.820007,-909.089966,8.440000,-0.002921,-0.001233,0.922472,-0.386050,0.000000,0.000000,-2.363200
456,True,True,-1.000000,1.000000,222.229996,-586.429993,18.629999,-839.630005,-892.809998,8.440000,-0.002932,-0.001206,0.926228,-0.376949,0.000000,0.000000,-2.363100
457,True,True,-1.000000,1.000000,215.229996,-593.869995,18.629999,-857.109985,-876.179993,8.440000,-0.002943,-0.001179,0.929895,-0.367811,0.000000,0.000000,-2.363000
458,True,True,-1.000000,1.000000,208.089996,-601.169983,18.629999,-874.260010,-859.199951,8.440000,-0.002954,-0.001152,0.933471,-0.358639,0.000000,0.000000,-2.363000
459,True,True,-1.000000,1.000000,200.800003,-608.329956,18.629999,-891.070007,-841.889954,8.440000,-0.002964,-0.001125,0.936957,-0.349430,0.000000,-0.000100,-2.363000
460,True,True,-1.000000,1.000000,193.369995,-615.349976,18.629999,-907.539978,-824.250000,8.440000,-0.002975,-0.001098,0.940352,-0.340189,0.000000,-0.000100,-2.362900
461,True,True,-1.000000,1.000000,185.809998,-622.219971,18.629999,-923.659973,-806.289978,8.440000,-0.002986,-0.001071,0.943655,-0.330915,0.000000,-0.000100,-2.362900
462,True,True,-1.000000,1.000000,178.110001,-628.940002,18.629999,-939.419983,-788.010010,8.440000,-0.002997,-0.001044,0.946867,-0.321609,0.000000,-0.000100,-2.362800
463,True,True,-1.000000,1.000000,170.279999,-635.510010,18.629999,-954.820007,-769.419983,8.440000,-0.003008,-0.001012,0.949988,-0.312271,-0.000100,-0.000100,-2.362800
464,True,True,-1.000000,1.000000,162.319992,-641.919983,18.629999,-969.849976,-750.529968,8.440000,-0.003018,-0.000979,0.953015,-0.302905,-0.000100,-0.000100,-2.362800
465,True,True,-1.000000,1.000000,154.239990,-648.169983,18.629999,-984.509949,-731.349976,8.440000,-0.003029,-0.000947,0.955951,-0.293508,-0.000100,-0.000100,-2.362700
466,True,True,-1.000000,1.000000,146.039993,-654.260010,18.629999,-998.789978,-711.880005,8.440000,-0.003040,-0.000914,0.958794,-0.284083,-0.000100,-0.000100,-2.362700
467,True,True,-1.000000,1.000000,137.720001,-660.190002,18.629999,-1012.679993,-692.130005,8.440000,-0.003051,-0.000882,0.961544,-0.274631,-0.000100,-0.000100,-2.362600
468,True,True,-1.000000,1.000000,129.279999,-665.959961,18.629999,-1026.179932,-672.109985,8.440000,-0.003062,-0.000850,0.964201,-0.265153,-0.000100,0.000000,-2.362600
469,True,True,-1.000000,1.000000,120.729996,-671.559998,18.629999,-1039.280029,-651.829956,8.440000,-0.003067,-0.000817,0.966765,-0.255647,-0.000100,0.000000,-2.362600
470,True,True,-1.000000,1.000000,112.070000,-676.989990,18.629999,-1051.979980,-631.289978,8.440000,-0.003072,-0.000785,0.969234,-0.246120,0.000000,0.000000,-2.362500
471,True,True,-1.000000,1.000000,103.299995,-682.250000,18.629999,-1064.280029,-610.500000,8.440000,-0.003078,-0.000753,0.971610,-0.236565,0.000000,0.000000,-2.362400
472,True,True,-1.000000,1.000000,94.430000,-687.339966,18.629999,-1076.160034,-589.479980,8.440000,-0.003083,-0.000720,0.973892,-0.226990,0.000000,0.000000,-2.362300
473,True,True,-1.000000,1.000000,85.459999,-692.250000,18.629999,-1087.630005,-568.219971,8.440000,-0.003089,-0.000688,0.976079,-0.217392,0.000000,0.000000,-2.362300
474,True,True,-1.000000,1.000000,76.400002,-696.989990,18.629999,-1098.679932,-546.739990,8.440000,-0.003094,-0.000655,0.978172,-0.207773,0.000000,0.000000,-2.362300
475,True,True,-1.000000,1.000000,67.239998,-701.549988,18.629999,-1109.299927,-525.049988,8.440000,-0.003099,-0.000623,0.980170,-0.198133,0.000000,-0.000100,-2.362200
476,True,True,-1.000000,1.000000,58.000000,-705.929993,18.629999,-1119.489990,-503.149994,8.440000,-0.003105,-0.000591,0.982073,-0.188476,0.000000,-0.000100,-2.362200
477,True,True,-1.000000,1.000000,48.669998,-710.119995,18.629999,-1129.250000,-481.049988,8.440000,-0.003110,-0.000558,0.983880,-0.178803,0.000000,-0.000100,-2.362100
478,True,True,-1.000000,1.000000,39.259998,-714.130005,18.629999,-1138.569946,-458.759979,8.440000,-0.003115,-0.000526,0.985592,-0.169109,0.000000,-0.000100,-2.362100
479,True,True,-1.000000,1.000000,29.769999,-717.950012,18.629999,-1147.449951,-436.289978,8.440000,-0.003121,-0.000494,0.987209,-0.159398,0.000000,-0.000100,-2.362000
480,True,True,-1.000000,1.000000,20.209999,-721.589966,18.629999,-1155.890015,-413.649994,8.440000,-0.003126,-0.000461,0.988730,-0.149677,0.000000,-0.000100,-2.362000
481,True,True,-1.000000,1.000000,10.580000,-725.039978,18.629999,-1163.880005,-390.850006,8.440000,-0.003132,-0.000429,0.990155,-0.139939,0.000100,-0.000100,-2.361900
482,True,True,-1.000000,1.000000,0.880000,-728.299988,18.629999,-1171.419922,-367.889984,8.440000,-0.003137,-0.000397,0.991484,-0.130190,0.000100,-0.000100,-2.361900
483,True,True,-1.000000,1.000000,-8.880000,-731.369995,18.629999,-1178.510010,-344.789978,8.440000,-0.003142,-0.000364,0.992717,-0.120426,0.000100,-0.000100,-2.361900
484,True,True,-1.000000,1.000000,-18.699999,-734.239990,18.629999,-1185.140015,-321.549988,8.440000,-0.003148,-0.000332,0.993854,-0.110650,0.000100,-0.000100,-2.361800
485,True,True,-1.000000,1.000000,-28.580000,-736.919983,18.629999,-1191.309937,-298.179993,8.440000,-0.003153,-0.000299,0.994895,-0.100864,0.000100,-0.000100,-2.361800
486,True,True,-1.000000,1.000000,-38.509998,-739.399963,18.629999,-1197.020020,-274.699982,8.440000,-0.003159,-0.000267,0.995840,-0.091067,0.000200,-0.000100,-2.361800
487,True,True,-1.000000,1.000000,-48.489998,-741.690002,18.629999,-1202.270020,-251.110001,8.440000,-0.003164,-0.000235,0.996687,-0.081265,0.000200,0.000000,-2.361800
488,True,True,-1.000000,1.000000,-58.509998,-743.779968,18.629999,-1207.049927,-227.419998,8.440000,-0.003164,-0.000202,0.997439,-0.071452,0.000200,0.000000,-2.361700
489,True,True,-1.000000,1.000000,-68.570000,-745.679993,18.629999,-1211.359985,-203.639999,8.440000,-0.003164,-0.000170,0.998094,-0.061633,0.000200,0.000000,-2.361700
490,True,True,-1.000000,1.000000,-78.659996,-747.380005,18.629999,-1215.199951,-179.769989,8.440000,-0.003164,-0.000138,0.998652,-0.051809,0.000300,0.000000,-2.361700
491,True,True,-1.000000,1.000000,-88.790001,-748.880005,18.629999,-1218.569946,-155.830002,8.440000,-0.003164,-0.000105,0.999113,-0.041980,0.000300,0.000000,-2.361600
492,True,True,-1.000000,1.000000,-98.939995,-750.179993,18.629999,-1221.469971,-131.830002,8.440000,-0.003164,-0.000073,0.999478,-0.032145,0.000300,0.000000,-2.361600
493,True,True,-1.000000,1.000000,-109.119995,-751.279968,18.629999,-1223.900024,-107.779999,8.440000,-0.003164,-0.000040,0.999746,-0.022310,0.000300,0.000000,-2.361500
494,True,True,-1.000000,1.000000,-119.320000,-752.179993,18.629999,-1225.849976,-83.680000,8.440000,-0.003164,-0.000008,0.999917,-0.012470,0.000400,-0.000100,-2.361500
495,True,True,-1.000000,1.000000,-129.539993,-752.880005,18.629999,-1227.329956,-59.549999,8.440000,-0.003164,0.000019,0.999991,-0.002630,0.000400,-0.000100,-2.361500
496,True,True,-1.000000,1.000000,-139.770004,-753.380005,18.629999,-1228.329956,-35.389999,8.440000,-0.003164,0.000046,0.999969,0.007210,0.000400,-0.000100,-2.361400
497,True,True,-1.000000,1.000000,-150.009995,-753.669983,18.629999,-1228.859985,-11.219999,8.440000,-0.003164,0.000073,0.999850,0.017050,0.000400,-0.000100,-2.361400
498,True,True,-1.000000,1.000000,-160.250000,-753.760010,18.629999,-1228.909912,12.950000,8.440000,-0.003164,0.000100,0.999633,0.026885,0.000300,-0.000100,-2.361400
499,True,True,-1.000000,1.000000,-170.489990,-753.649963,18.629999,-1228.479980,37.119999,8.440000,-0.003164,0.000132,0.999321,0.036720,0.000200,-0.000100,-2.361400
